矩阵大小,重复次数,平凡算法时间(ms),优化算法时间(ms),加速比
1,3000,4.33333e-06,1.06667e-05,0.40625
2,3000,7e-06,1.5e-05,0.466667
3,3000,1.33333e-05,2.7e-05,0.493827
4,3000,2.03333e-05,1.86667e-05,1.08929
5,3000,3.23333e-05,4.03333e-05,0.801653
6,3000,5.16667e-05,3.9e-05,1.32479
7,3000,6.5e-05,5.13333e-05,1.26623
8,3000,0.000111333,6.86667e-05,1.62136
9,3000,0.000108667,6.76667e-05,1.60591
10,3000,0.000102,0.000120667,0.845304
11,3000,0.000176333,0.000103667,1.70096
12,3000,0.000173333,0.000106667,1.625
13,3000,0.000190667,0.000137667,1.38499
14,3000,0.000250667,0.000123333,2.03243
15,3000,0.000235667,0.000151,1.56071
16,3000,0.000220333,0.000175667,1.25427
17,3000,0.000299333,0.000168333,1.77822
18,3000,0.000419667,0.000166,2.52811
19,3000,0.000386,0.000206,1.87379
20,3000,0.000495,0.000221,2.23982
21,3000,0.000307,0.000272,1.12868
22,3000,0.000577333,0.000401667,1.43734
23,3000,0.000599333,0.000354,1.69303
24,3000,0.000736667,0.000367,2.00727
25,3000,0.000506667,0.000290667,1.74312
26,3000,0.000509667,0.000268,1.90174
27,3000,0.000529667,0.000269667,1.96415
28,3000,0.000590333,0.000249667,2.36449
29,3000,0.000552667,0.000334,1.65469
30,3000,0.000823,0.000493333,1.66824
31,3000,0.000678,0.000374667,1.80961
32,3000,0.000696667,0.00055,1.26667
33,3000,0.00107033,0.000684667,1.56329
34,3000,0.000619667,0.000334667,1.85159
35,3000,0.00103667,0.000717,1.44584
36,3000,0.00140167,0.000773333,1.8125
37,3000,0.000829667,0.000383333,2.16435
38,3000,0.000727667,0.000425,1.71216
39,3000,0.000841,0.000558,1.50717
40,3000,0.000948333,0.000516667,1.83548
41,3000,0.00167267,0.000921,1.81614
42,3000,0.002305,0.000898333,2.56586
43,3000,0.000947,0.000553,1.71248
44,3000,0.00105567,0.000524,2.01463
45,3000,0.00204633,0.000858,2.385
46,3000,0.00128333,0.00102167,1.25612
47,3000,0.00193233,0.000588,3.28628
48,3000,0.00120833,0.000606667,1.99176
49,3000,0.00128833,0.000699,1.84311
50,3000,0.00156667,0.000667333,2.34765
51,3000,0.001383,0.000700667,1.97383
52,3000,0.002003,0.000912,2.19627
53,3000,0.00147633,0.000957,1.54267
54,3000,0.002528,0.000799667,3.16132
55,3000,0.00157467,0.00083,1.89719
56,3000,0.00157433,0.000822333,1.91447
57,3000,0.00215767,0.000844333,2.55547
58,3000,0.001699,0.000862667,1.96947
59,3000,0.00201233,0.00127167,1.58244
60,3000,0.00218867,0.00185033,1.18285
61,3000,0.00463333,0.00142167,3.25909
62,3000,0.00210467,0.00105567,1.99368
63,3000,0.00242133,0.00107467,2.2531
64,3000,0.00228033,0.00115933,1.96694
65,3000,0.00245,0.00107867,2.27132
66,3000,0.002981,0.00115967,2.57057
67,3000,0.00288233,0.00120733,2.38736
68,3000,0.00376433,0.00122,3.08552
69,3000,0.00281633,0.00194933,1.44477
70,3000,0.00290267,0.002279,1.27366
71,3000,0.00604567,0.00135633,4.45736
72,3000,0.00356533,0.001433,2.48802
73,3000,0.004182,0.00153667,2.72148
74,3000,0.004266,0.00145767,2.9266
75,3000,0.00510267,0.002828,1.80434
76,3000,0.00377,0.00256867,1.46769
77,3000,0.00421133,0.00163667,2.57312
78,3000,0.00390433,0.00297833,1.31091
79,3000,0.006153,0.00337833,1.82131
80,3000,0.006317,0.00201033,3.14226
81,3000,0.00533767,0.00197367,2.70444
82,3000,0.00745067,0.00239067,3.11656
83,3000,0.00723867,0.002349,3.0816
84,3000,0.00581333,0.00314,1.85138
85,3000,0.00627467,0.002512,2.49788
86,3000,0.01124,0.00508367,2.211
87,3000,0.006339,0.00237367,2.67055
88,3000,0.00599633,0.00304033,1.97226
89,3000,0.00537733,0.00405233,1.32697
90,3000,0.00868267,0.00303967,2.85645
91,3000,0.006044,0.00291633,2.07247
92,3000,0.007286,0.00340867,2.13749
93,3000,0.00641833,0.002709,2.36926
94,3000,0.00948267,0.004045,2.34429
95,3000,0.00871333,0.003408,2.55673
96,3000,0.00822933,0.00504833,1.63011
97,3000,0.008568,0.00368267,2.32657
98,3000,0.00751333,0.00601267,1.24958
99,3000,0.0105787,0.00443,2.38796
100,300,0.00848333,0.00438,1.93683
101,300,0.00861,0.00823667,1.04533
102,300,0.01152,0.01153,0.999133
103,300,0.0108733,0.00476333,2.28272
104,300,0.0118967,0.00556,2.13969
105,300,0.0413933,0.00498333,8.30635
106,300,0.0130533,0.00628667,2.07635
107,300,0.01109,0.00668333,1.65935
108,300,0.0207167,0.0102567,2.01982
109,300,0.01198,0.00539333,2.22126
110,300,0.01092,0.0177067,0.616717
111,300,0.0147433,0.00543,2.71516
112,300,0.01109,0.00412333,2.68957
113,300,0.00913333,0.00504667,1.80978
114,300,0.00930333,0.00418667,2.22213
115,300,0.01194,0.00415667,2.87249
116,300,0.00904,0.00476,1.89916
117,300,0.00929667,0.00421,2.20823
118,300,0.0113233,0.00801,1.41365
119,300,0.0112333,0.00444667,2.52624
120,300,0.0106033,0.00814333,1.30209
121,300,0.0171733,0.00518,3.31532
122,300,0.0109067,0.005,2.18133
123,300,0.01046,0.00547667,1.90992
124,300,0.0118067,0.00598,1.97436
125,300,0.01485,0.00605333,2.45319
126,300,0.0152333,0.00675,2.25679
127,300,0.0148833,0.00653,2.27922
128,300,0.0163033,0.00658333,2.47646
129,300,0.0125833,0.00670333,1.87718
130,300,0.0118167,0.00681667,1.7335
131,300,0.0118733,0.00632667,1.87671
132,300,0.0156267,0.00582333,2.68346
133,300,0.01181,0.00554,2.13177
134,300,0.0131667,0.00747,1.76261
135,300,0.0139533,0.0061,2.28743
136,300,0.0129233,0.00630667,2.04915
137,300,0.01711,0.00659667,2.59373
138,300,0.01488,0.00711667,2.09087
139,300,0.0165467,0.0087,1.90192
140,300,0.01399,0.0125567,1.11415
141,300,0.0170567,0.00906,1.88263
142,300,0.0235967,0.00663667,3.5555
143,300,0.0151033,0.00918333,1.64465
144,300,0.0187567,0.0071,2.64178
145,300,0.0143467,0.00905333,1.58468
146,300,0.01482,0.00723667,2.0479
147,300,0.01496,0.00749667,1.99555
148,300,0.01619,0.00736667,2.19774
149,300,0.0155267,0.00735333,2.11151
150,300,0.01881,0.00732333,2.5685
151,300,0.02198,0.0102133,2.15209
152,300,0.0210933,0.01318,1.6004
153,300,0.0181933,0.00878667,2.07056
154,300,0.0173,0.00911,1.89901
155,300,0.0252733,0.0102767,2.45929
156,300,0.0177767,0.00732667,2.4263
157,300,0.02255,0.0077,2.92857
158,300,0.0269633,0.00810667,3.32607
159,300,0.0200367,0.00908333,2.20587
160,300,0.0196767,0.00884667,2.22419
161,300,0.0192733,0.00829,2.32489
162,300,0.0185533,0.00973667,1.90551
163,300,0.0186967,0.00843667,2.21612
164,300,0.0189233,0.00944667,2.00318
165,300,0.02928,0.00869667,3.36681
166,300,0.0241133,0.00992,2.43078
167,300,0.02007,0.0104367,1.92303
168,300,0.0202533,0.00948667,2.13493
169,300,0.0204267,0.0147067,1.38894
170,300,0.0206867,0.00903,2.29088
171,300,0.0220967,0.0104067,2.12332
172,300,0.02212,0.01041,2.12488
173,300,0.03028,0.00941667,3.21558
174,300,0.0251733,0.0121433,2.07302
175,300,0.0333333,0.01294,2.57599
176,300,0.0242833,0.01079,2.25054
177,300,0.0230667,0.0108,2.1358
178,300,0.0251867,0.0100167,2.51448
179,300,0.02402,0.01083,2.21791
180,300,0.0362333,0.01056,3.43119
181,300,0.02437,0.0104233,2.33802
182,300,0.02842,0.01292,2.19969
183,300,0.02489,0.0136233,1.82701
184,300,0.0253367,0.0113233,2.23756
185,300,0.0289467,0.0123333,2.34703
186,300,0.0265733,0.01093,2.43123
187,300,0.02893,0.0127933,2.26133
188,300,0.02717,0.0114033,2.38264
189,300,0.02852,0.0113567,2.5113
190,300,0.0465067,0.0114767,4.05228
191,300,0.03842,0.0116067,3.31017
192,300,0.0293967,0.0121567,2.41815
193,300,0.0302867,0.0119633,2.53162
194,300,0.0355933,0.0136267,2.61204
195,300,0.02758,0.01954,1.41146
196,300,0.03344,0.01838,1.81937
197,300,0.0293167,0.0124467,2.35538
198,300,0.04447,0.0132667,3.35201
199,300,0.0303167,0.0148133,2.04658
200,300,0.0332567,0.0122967,2.70453
201,300,0.0405667,0.0178667,2.27052
202,300,0.03415,0.0201767,1.69255
203,300,0.03873,0.0140933,2.74811
204,300,0.0355433,0.01398,2.54244
205,300,0.0324,0.0135633,2.38879
206,300,0.0353233,0.0132933,2.65722
207,300,0.0467933,0.02092,2.23678
208,300,0.03376,0.01397,2.41661
209,300,0.0319267,0.01323,2.4132
210,300,0.0485567,0.01358,3.5756
211,300,0.03536,0.0171233,2.06502
212,300,0.0399467,0.0147233,2.71315
213,300,0.0451333,0.0143,3.15618
214,300,0.0549667,0.01885,2.916
215,300,0.0515,0.0146467,3.51616
216,300,0.0394733,0.0155,2.54667
217,300,0.0458,0.0221,2.0724
218,300,0.0528233,0.0181767,2.90611
219,300,0.04965,0.0227667,2.18082
220,300,0.0442533,0.0156533,2.82709
221,300,0.0552233,0.0181367,3.04484
222,300,0.0581267,0.0148667,3.90987
223,300,0.05444,0.01554,3.50322
224,300,0.05053,0.0174667,2.89294
225,300,0.0621267,0.0193967,3.20296
226,300,0.0480533,0.02553,1.88223
227,300,0.0609433,0.0210433,2.89609
228,300,0.05606,0.02267,2.47287
229,300,0.05773,0.0182367,3.1656
230,300,0.0498233,0.0161233,3.09014
231,300,0.0527967,0.01956,2.69922
232,300,0.0530667,0.01645,3.22594
233,300,0.04865,0.0180667,2.6928
234,300,0.0509433,0.01734,2.93791
235,300,0.06188,0.0178033,3.47575
236,300,0.0509533,0.0201067,2.53415
237,300,0.0612767,0.01751,3.49952
238,300,0.08,0.01836,4.3573
239,300,0.0696467,0.0203,3.43087
240,300,0.07685,0.0270567,2.84034
241,300,0.05463,0.0189733,2.8793
242,300,0.0623367,0.0340867,1.82877
243,300,0.0724967,0.0189533,3.82501
244,300,0.0717067,0.0199333,3.59732
245,300,0.0712767,0.0181633,3.92421
246,300,0.0654467,0.01942,3.37007
247,300,0.0598167,0.0289267,2.06787
248,300,0.0739567,0.0327567,2.25776
249,300,0.07777,0.0345233,2.25268
250,300,0.0686033,0.0281333,2.43851
251,300,0.0715833,0.0322967,2.21643
252,300,0.09179,0.04738,1.93732
253,300,0.0897033,0.02172,4.12999
254,300,0.10139,0.0285167,3.55546
255,300,0.11236,0.03648,3.08004
256,300,0.101357,0.0357767,2.83304
257,300,0.0848967,0.02674,3.17489
258,300,0.0799667,0.0359967,2.2215
259,300,0.07882,0.02234,3.5282
260,300,0.0692067,0.03096,2.23536
261,300,0.0871833,0.0285833,3.05015
262,300,0.0768467,0.0308433,2.49152
263,300,0.0869767,0.02554,3.40551
264,300,0.0754667,0.02337,3.22921
265,300,0.07549,0.0265167,2.84689
266,300,0.07049,0.022,3.20409
267,300,0.07509,0.0227333,3.30308
268,300,0.0816467,0.0259233,3.14954
269,300,0.0911533,0.02573,3.54269
270,300,0.08592,0.0280467,3.06347
271,300,0.07899,0.0250267,3.15623
272,300,0.08046,0.0252033,3.19243
273,300,0.0756867,0.02398,3.15624
274,300,0.0863967,0.02545,3.39476
275,300,0.0900833,0.03252,2.77009
276,300,0.0969167,0.0248267,3.90373
277,300,0.08512,0.0251167,3.38898
278,300,0.08309,0.0292867,2.83713
279,300,0.08775,0.0295267,2.97189
280,300,0.0789367,0.0262133,3.01132
281,300,0.0836533,0.0339133,2.46668
282,300,0.08948,0.0257833,3.47046
283,300,0.0929467,0.0334367,2.77978
284,300,0.08506,0.03132,2.71584
285,300,0.0889367,0.0290367,3.06291
286,300,0.120857,0.0270833,4.4624
287,300,0.114437,0.0266733,4.2903
288,300,0.0987067,0.0293833,3.35927
289,300,0.108893,0.0324867,3.35194
290,300,0.09348,0.0266867,3.50287
291,300,0.0948167,0.04032,2.3516
292,300,0.100053,0.03439,2.90937
293,300,0.09998,0.0325067,3.07568
294,300,0.104903,0.0272033,3.85627
295,300,0.102273,0.0523333,1.95427
296,300,0.120603,0.0280867,4.29397
297,300,0.1014,0.03832,2.64614
298,300,0.10379,0.0449633,2.30833
299,300,0.105673,0.0365933,2.88778
300,300,0.112293,0.0333233,3.36981
301,300,0.113563,0.0321533,3.53193
302,300,0.11664,0.0338,3.45089
303,300,0.117483,0.0356567,3.29485
304,300,0.10434,0.0310333,3.36219
305,300,0.101397,0.02944,3.44418
306,300,0.12652,0.04251,2.97624
307,300,0.126013,0.0372867,3.37958
308,300,0.118793,0.0527067,2.25386
309,300,0.11754,0.0425767,2.76067
310,300,0.116433,0.0359733,3.23666
311,300,0.13193,0.0407833,3.2349
312,300,0.110563,0.0316267,3.49589
313,300,0.117667,0.0303267,3.87997
314,300,0.124213,0.0396367,3.1338
315,300,0.11243,0.0406133,2.7683
316,300,0.112973,0.0336167,3.36063
317,300,0.11668,0.03276,3.56166
318,300,0.177673,0.04053,4.38375
319,300,0.1591,0.0337933,4.70803
320,300,0.133343,0.0382267,3.48823
321,300,0.130187,0.0344767,3.77608
322,300,0.11182,0.0443267,2.52263
323,300,0.126507,0.04046,3.12671
324,300,0.122407,0.0323833,3.77993
325,300,0.124247,0.04389,2.83087
326,300,0.15041,0.04183,3.59574
327,300,0.139017,0.04809,2.89076
328,300,0.1433,0.0418167,3.42686
329,300,0.140237,0.0365133,3.8407
330,300,0.136823,0.0374833,3.65024
331,300,0.130803,0.0353333,3.70198
332,300,0.12245,0.0373567,3.27786
333,300,0.116663,0.03585,3.25421
334,300,0.155323,0.0405267,3.83262
335,300,0.17627,0.04107,4.29194
336,300,0.12936,0.0387867,3.33517
337,300,0.12828,0.0520733,2.46345
338,300,0.140223,0.0371067,3.77893
339,300,0.15483,0.0397867,3.8915
340,300,0.150817,0.03771,3.99938
341,300,0.147637,0.0509633,2.89692
342,300,0.140173,0.03679,3.81009
343,300,0.159777,0.04367,3.65873
344,300,0.137927,0.03956,3.48652
345,300,0.147307,0.0476267,3.09295
346,300,0.146527,0.0400533,3.65829
347,300,0.14769,0.0365833,4.03708
348,300,0.14754,0.06622,2.22803
349,300,0.160603,0.05792,2.77285
350,300,0.18991,0.04736,4.00992
351,300,0.192653,0.0400667,4.80832
352,300,0.15593,0.0456033,3.41927
353,300,0.16005,0.0418567,3.82376
354,300,0.153277,0.03758,4.07868
355,300,0.140267,0.0427167,3.28365
356,300,0.163353,0.0519067,3.14706
357,300,0.161393,0.0391533,4.12208
358,300,0.15742,0.0494733,3.18192
359,300,0.163007,0.05076,3.21132
360,300,0.22393,0.0872933,2.56526
361,300,0.160247,0.0439733,3.64418
362,300,0.157623,0.06638,2.37456
363,300,0.183137,0.0506067,3.61882
364,300,0.17914,0.0546667,3.27695
365,300,0.160083,0.04343,3.68601
366,300,0.195903,0.0628433,3.11733
367,300,0.231447,0.0534867,4.32718
368,300,0.164967,0.0668967,2.46599
369,300,0.158887,0.0440433,3.60751
370,300,0.16814,0.0526067,3.19617
371,300,0.157243,0.0546133,2.87921
372,300,0.150493,0.0464,3.24339
373,300,0.16337,0.0462733,3.53054
374,300,0.161593,0.0460433,3.50959
375,300,0.19831,0.0575,3.44887
376,300,0.205557,0.0502533,4.09041
377,300,0.17841,0.0533433,3.34456
378,300,0.18241,0.0451667,4.0386
379,300,0.190843,0.0688167,2.77321
380,300,0.188367,0.0539267,3.49302
381,300,0.211343,0.0509033,4.15186
382,300,0.23538,0.06393,3.68184
383,300,0.25262,0.04544,5.55942
384,300,0.196353,0.0475033,4.13346
385,300,0.176707,0.06386,2.76709
386,300,0.207113,0.0529367,3.91247
387,300,0.1968,0.0718267,2.73993
388,300,0.195063,0.0496633,3.92771
389,300,0.212997,0.0646267,3.2958
390,300,0.204303,0.05053,4.04321
391,300,0.19158,0.0562433,3.40627
392,300,0.259003,0.0800433,3.23579
393,300,0.27568,0.11402,2.41782
394,300,0.301823,0.0785433,3.84276
395,300,0.276127,0.0608633,4.53683
396,300,0.287297,0.0708867,4.0529
397,300,0.246863,0.07723,3.19647
398,300,0.383007,0.0886767,4.31914
399,300,0.437737,0.09156,4.78087
400,300,0.351443,0.0810267,4.33738
401,300,0.336567,0.0977,3.4449
402,300,0.282053,0.0557167,5.06228
403,300,0.237357,0.0855567,2.77426
404,300,0.232113,0.0637633,3.64023
405,300,0.230583,0.06516,3.53873
406,300,0.251253,0.0894433,2.80908
407,300,0.2367,0.0719267,3.29085
408,300,0.25138,0.0796533,3.15593
409,300,0.242717,0.0663267,3.65941
410,300,0.2529,0.0737967,3.42698
411,300,0.243733,0.08122,3.0009
412,300,0.2834,0.0762333,3.71753
413,300,0.28232,0.0818067,3.45106
414,300,0.465597,0.15343,3.03459
415,300,0.315777,0.0691333,4.56765
416,300,0.22785,0.0814767,2.79651
417,300,0.238153,0.06346,3.75281
418,300,0.239813,0.0653,3.67249
419,300,0.228393,0.05926,3.85409
420,300,0.25661,0.103473,2.47996
421,300,0.392977,0.0841433,4.67032
422,300,0.279223,0.0744867,3.74864
423,300,0.25574,0.0772233,3.31169
424,300,0.23803,0.0907267,2.62359
425,300,0.252577,0.0602167,4.19446
426,300,0.23548,0.0644333,3.65463
427,300,0.243663,0.0602767,4.04242
428,300,0.24937,0.0898367,2.77582
429,300,0.278357,0.0891333,3.12292
430,300,0.36365,0.09323,3.90057
431,300,0.339083,0.0720667,4.70513
432,300,0.275463,0.0702967,3.91858
433,300,0.261627,0.0669167,3.90974
434,300,0.267973,0.07869,3.40543
435,300,0.288247,0.07157,4.02748
436,300,0.29436,0.0895533,3.28698
437,300,0.295517,0.0859833,3.43691
438,300,0.275217,0.07445,3.69666
439,300,0.298703,0.09315,3.20669
440,300,0.23331,0.0818167,2.85162
441,300,0.284973,0.0653833,4.3585
442,300,0.265033,0.07615,3.48041
443,300,0.290693,0.0848867,3.42449
444,300,0.26792,0.0721233,3.71475
445,300,0.298473,0.0910133,3.27945
446,300,0.3517,0.0829333,4.24076
447,300,0.378913,0.0760167,4.98461
448,300,0.29918,0.0830167,3.60385
449,300,0.3116,0.150877,2.06526
450,300,0.28743,0.07225,3.97827
451,300,0.276503,0.07226,3.82651
452,300,0.320163,0.0716267,4.46989
453,300,0.319303,0.0738767,4.32211
454,300,0.314237,0.0785,4.00301
455,300,0.292637,0.0725533,4.0334
456,300,0.287633,0.0808933,3.55571
457,300,0.414173,0.0783867,5.28372
458,300,0.38761,0.0884033,4.38456
459,300,0.364997,0.0942733,3.87169
460,300,-1.45303,0.0735633,-19.7521
461,300,0.313423,0.0939867,3.33476
462,300,0.419337,0.08001,5.24105
463,300,0.396923,0.07506,5.28808
464,300,0.334333,0.113377,2.94887
465,300,0.341147,0.0900533,3.78827
466,300,0.360043,0.0769267,4.68034
467,300,0.338237,0.0742067,4.55804
468,300,0.36343,0.08524,4.26361
469,300,0.345557,0.0808833,4.27229
470,300,0.345937,0.131737,2.62597
471,300,0.415763,0.09168,4.53494
472,300,0.349927,0.0960133,3.64456
473,300,0.34761,0.0812133,4.28021
474,300,0.342083,0.08385,4.07971
475,300,0.358867,0.0949167,3.78086
476,300,0.364887,0.12095,3.01684
477,300,0.36526,0.106263,3.43731
478,300,0.438933,0.0976267,4.49604
479,300,0.428683,0.101417,4.22695
480,300,0.367903,0.132137,2.78426
481,300,0.379357,0.08064,4.70432
482,300,0.37359,0.0792333,4.71506
483,300,0.362167,0.11417,3.17217
484,300,0.375673,0.106933,3.51315
485,300,0.383383,0.0816167,4.69737
486,300,0.389493,0.101683,3.83045
487,300,0.32712,0.0910333,3.59341
488,300,0.353767,0.115043,3.07507
489,300,0.41904,0.111937,3.74355
490,300,0.377073,0.0822467,4.58466
491,300,0.334817,0.0848633,3.94536
492,300,0.391873,0.108617,3.60786
493,300,0.40594,0.10024,4.04968
494,300,0.49068,0.0942533,5.20597
495,300,0.49889,0.0916167,5.44541
496,300,0.40791,0.100973,4.03978
497,300,0.41582,0.0996633,4.17225
498,300,0.407987,0.09848,4.14284
499,300,0.407803,0.111577,3.65492
500,300,0.456403,0.153397,2.97531
501,300,0.506853,0.0858733,5.90234
502,300,0.425257,0.0926033,4.59224
503,300,0.38875,0.11356,3.4233
504,300,0.40707,0.0987033,4.12418
505,300,0.414543,0.09956,4.16375
506,300,0.397673,0.171657,2.31668
507,300,0.704167,0.09056,7.77569
508,300,0.395103,0.08645,4.57031
509,300,0.3676,0.128573,2.85907
510,300,1.10533,0.0998033,11.0751
511,300,1.0657,0.127457,8.36127
512,300,0.45312,0.110163,4.11317
513,300,0.415153,0.102303,4.05806
514,300,0.45777,0.105273,4.34839
515,300,0.408473,0.101227,4.03523
516,300,0.443987,0.0948933,4.6788
517,300,0.434757,0.106717,4.07393
518,300,0.448457,0.0956667,4.6877
519,300,0.43332,0.10166,4.26244
520,300,0.41185,0.11746,3.5063
521,300,0.448583,0.10029,4.47286
522,300,0.47286,0.10577,4.47064
523,300,0.43364,0.118837,3.64904
524,300,0.471377,0.13376,3.52405
525,300,0.483313,0.113373,4.26302
526,300,0.5349,0.10035,5.33034
527,300,0.585987,0.0988667,5.92704
528,300,0.400473,0.109163,3.66857
529,300,0.446807,0.101707,4.39309
530,300,0.476813,0.124727,3.82287
531,300,0.49102,0.104207,4.71198
532,300,0.48354,0.114797,4.21214
533,300,0.47676,0.11656,4.09025
534,300,0.510433,0.110377,4.62447
535,300,0.48396,0.0977133,4.95286
536,300,0.48968,0.108897,4.49674
537,300,0.42776,0.102473,4.17435
538,300,0.436027,0.108513,4.01819
539,300,0.504117,0.122953,4.10007
540,300,0.501993,0.116783,4.2985
541,300,0.54434,0.132687,4.10245
542,300,0.578763,0.11402,5.07598
543,300,0.591403,0.122907,4.81181
544,300,0.51577,0.116307,4.43457
545,300,0.477213,0.13272,3.59564
546,300,0.51711,0.11555,4.47521
547,300,0.55335,0.15063,3.67357
548,300,0.719503,0.11526,6.24244
549,300,0.526463,0.124403,4.23191
550,300,0.563337,0.10892,5.17202
551,300,0.54779,0.12885,4.25138
552,300,0.55092,0.14485,3.80338
553,300,0.53357,0.12178,4.38143
554,300,0.53443,0.14901,3.58654
555,300,0.584617,0.12389,4.71884
556,300,0.541217,0.19735,2.74242
557,300,0.627983,0.13585,4.62262
558,300,0.61513,0.11709,5.25348
559,300,0.679427,0.116723,5.82083
560,300,0.559753,0.12897,4.34018
561,300,0.538733,0.120667,4.46464
562,300,0.576723,0.147187,3.91831
563,300,0.645173,0.155953,4.13696
564,300,0.58186,0.130187,4.46943
565,300,0.527783,0.132597,3.98037
566,300,0.74579,0.23812,3.13199
567,300,0.81933,0.202577,4.04454
568,300,0.781477,0.25982,3.00776
569,300,0.770413,0.184293,4.18036
570,300,0.76948,0.16368,4.70112
571,300,0.89471,0.144247,6.20264
572,300,0.85391,0.13631,6.26447
573,300,0.69595,0.135717,5.12796
574,300,0.631087,0.122863,5.13649
575,300,0.68821,0.15022,4.58135
576,300,0.60088,0.15537,3.86741
577,300,0.62212,0.139937,4.44573
578,300,0.602987,0.132593,4.54764
579,300,0.607017,0.14181,4.28049
580,300,0.592793,0.180313,3.28757
581,300,0.825723,0.188517,4.38011
582,300,0.77706,0.159867,4.86068
583,300,0.643413,0.14263,4.51107
584,300,0.718843,0.138253,5.19946
585,300,0.615373,0.219743,2.80042
586,300,0.588107,0.171347,3.43226
587,300,0.66571,0.164293,4.05196
588,300,0.62636,0.178513,3.50876
589,300,0.621363,0.148317,4.18944
590,300,0.705923,0.140793,5.0139
591,300,0.783437,0.150033,5.22175
592,300,0.638837,0.13607,4.69491
593,300,0.611097,0.1303,4.68992
594,300,0.62765,0.15445,4.06377
595,300,0.61043,0.124253,4.91279
596,300,0.6235,0.140173,4.44806
597,300,0.692333,0.185823,3.72576
598,300,0.649317,0.137683,4.71602
599,300,0.760183,0.151117,5.03044
600,300,0.81088,0.125517,6.46034
601,300,0.63786,0.14771,4.31833
602,300,0.721017,0.2025,3.56058
603,300,0.84552,0.15795,5.35309
604,300,0.64052,0.14279,4.48575
605,300,0.693437,0.129557,5.35238
606,300,0.735213,0.163823,4.48784
607,300,0.7187,0.156217,4.60066
608,300,0.666447,0.158953,4.19272
609,300,0.700963,0.135177,5.18553
610,300,0.693257,0.178513,3.8835
611,300,0.66955,0.1462,4.57969
612,300,0.68804,0.159447,4.31517
613,300,0.679597,0.1648,4.12377
614,300,0.671597,0.16817,3.99356
615,300,0.739237,0.18443,4.00822
616,300,0.77287,0.184557,4.18771
617,300,0.70925,0.155507,4.5609
618,300,0.686147,0.169963,4.03703
619,300,0.707487,0.187097,3.7814
620,300,0.702353,0.16852,4.16777
621,300,0.693223,0.1441,4.81071
622,300,-1.41982,0.173983,-8.16065
623,300,0.82195,0.167367,4.91107
624,300,0.69288,0.145067,4.77629
625,300,0.6558,0.167063,3.92546
626,300,0.713587,0.157847,4.52076
627,300,0.740357,0.151247,4.89503
628,300,0.68314,0.187457,3.64426
629,300,0.722023,0.16432,4.39401
630,300,0.733807,0.158337,4.63447
631,300,0.761047,0.191283,3.97864
632,300,0.739907,0.177637,4.16528
633,300,0.72113,0.151797,4.75063
634,300,0.723107,0.17487,4.13511
635,300,0.713653,0.166387,4.28913
636,300,0.760383,0.208347,3.64961
637,300,0.770827,0.146677,5.25528
638,300,0.879147,0.166763,5.27182
639,300,0.88466,0.1529,5.78587
640,300,0.726383,0.201857,3.59851
641,300,0.73202,0.186507,3.9249
642,300,0.716137,0.170137,4.20918
643,300,0.745827,0.18095,4.12173
644,300,0.78562,0.188873,4.15951
645,300,0.742147,0.16097,4.61047
646,300,0.766977,0.185287,4.13941
647,300,0.822377,0.192453,4.27312
648,300,0.785687,0.157547,4.98701
649,300,0.74773,0.170293,4.39084
650,300,0.877473,0.158733,5.52797
651,300,0.738063,0.185973,3.96865
652,300,0.887273,0.163773,5.41769
653,300,0.884977,0.174837,5.06173
654,300,0.928857,0.14747,6.29861
655,300,0.88787,0.189813,4.6776
656,300,0.780097,0.187713,4.15579
657,300,0.81441,0.166907,4.87943
658,300,0.79585,0.162087,4.91003
659,300,0.868927,0.179627,4.8374
660,300,0.772453,0.209013,3.69571
661,300,0.827513,0.190303,4.34839
662,300,0.83181,0.19236,4.32424
663,300,0.81416,0.212213,3.83652
664,300,0.816677,0.18543,4.40423
665,300,0.813907,0.20602,3.95062
666,300,0.830137,0.17034,4.87341
667,300,0.91557,0.206443,4.43497
668,300,0.871453,0.177383,4.91283
669,300,0.82171,0.195573,4.20154
670,300,0.93199,0.195857,4.75853
671,300,0.89667,0.20155,4.44887
672,300,0.78301,0.16694,4.69037
673,300,0.880573,0.233163,3.77664
674,300,0.84333,0.20111,4.19338
675,300,0.872433,0.182323,4.78509
676,300,0.819803,0.192897,4.24996
677,300,0.81407,0.188197,4.32563
678,300,0.860857,0.209283,4.11336
679,300,0.853647,0.17924,4.76259
680,300,0.82149,0.19401,4.23427
681,300,0.88131,0.189263,4.65653
682,300,0.8269,0.198187,4.17233
683,300,0.843187,0.231917,3.63573
684,300,0.886023,0.183067,4.83989
685,300,0.881383,0.189223,4.6579
686,300,0.964417,0.187297,5.14914
687,300,1.00396,0.22885,4.38698
688,300,0.828527,0.225383,3.67608
689,300,0.903813,0.172523,5.23879
690,300,0.867043,0.18727,4.62991
691,300,0.833917,0.200587,4.15739
692,300,0.98256,0.217153,4.52473
693,300,0.924083,0.203333,4.54467
694,300,0.917553,0.17521,5.23688
695,300,0.877457,0.226813,3.86863
696,300,0.89737,0.180317,4.97663
697,300,0.84326,0.186627,4.51843
698,300,0.88758,0.206327,4.30182
699,300,0.992853,0.246057,4.03506
700,300,1.03844,0.17688,5.87087
701,300,0.9448,0.207967,4.54304
702,300,1.12178,0.188807,5.94142
703,300,0.984557,0.204297,4.81925
704,300,0.90435,0.190923,4.73672
705,300,1.13087,0.21756,5.19797
706,300,0.92301,0.20864,4.42394
707,300,0.932933,0.191163,4.88029
708,300,0.9528,0.174713,5.4535
709,300,0.91924,0.210843,4.35982
710,300,0.934277,0.20154,4.63569
711,300,0.9394,0.190337,4.93547
712,300,0.923197,0.180947,5.10204
713,300,0.94514,0.20931,4.5155
714,300,0.944297,0.18775,5.02954
715,300,0.919083,0.22175,4.14468
716,300,0.95359,0.211833,4.50161
717,300,0.950517,0.196623,4.8342
718,300,1.04529,0.194433,5.37608
719,300,1.11953,0.210067,5.3294
720,300,0.979643,0.182477,5.3686
721,300,0.969803,0.19394,5.00053
722,300,1.0871,0.23237,4.67833
723,300,0.942813,0.20224,4.66185
724,300,0.929487,0.209327,4.44036
725,300,-1.29254,0.223783,-5.77584
726,300,0.959457,0.211353,4.53959
727,300,0.945147,0.204057,4.63179
728,300,1.00457,0.210237,4.77828
729,300,1.02121,0.20905,4.88499
730,300,0.917763,0.222683,4.12138
731,300,1.04605,0.21367,4.89563
732,300,1.01715,0.193937,5.24475
733,300,0.986613,0.228507,4.31766
734,300,1.14889,0.2256,5.09258
735,300,1.0916,0.18202,5.99716
736,300,0.965863,0.262047,3.68584
737,300,1.02182,0.223523,4.57142
738,300,1.01099,0.218643,4.62392
739,300,0.98376,0.20381,4.82685
740,300,0.966073,0.20848,4.63389
741,300,0.970703,0.24059,4.03468
742,300,1.0048,0.24056,4.17691
743,300,1.20638,0.205447,5.872
744,300,0.98514,0.22278,4.42203
745,300,1.06762,0.204913,5.21012
746,300,1.00516,0.21577,4.65846
747,300,1.02003,0.247423,4.1226
748,300,1.04373,0.235277,4.43617
749,300,1.11084,0.250063,4.44225
750,300,1.47789,0.205123,7.20488
751,300,1.2741,0.234833,5.42555
752,300,1.20094,0.23876,5.0299
753,300,1.08246,0.264137,4.09809
754,300,1.09239,0.275553,3.96436
755,300,1.1013,0.260143,4.23342
756,300,1.19698,0.252413,4.74213
757,300,1.09067,0.224807,4.85161
758,300,1.08938,0.258157,4.21984
759,300,1.05345,0.227607,4.62836
760,300,1.15427,0.280803,4.11061
761,300,1.29424,0.259307,4.99116
762,300,1.0349,0.236323,4.37916
763,300,1.05132,0.228547,4.60001
764,300,1.06368,0.25069,4.24301
765,300,1.07552,0.292593,3.67581
766,300,2.24991,0.221733,10.1469
767,300,2.02046,0.24184,8.35455
768,300,1.08155,0.224387,4.82001
769,300,1.09637,0.319307,3.4336
770,300,1.14,0.232177,4.91005
771,300,1.06551,0.225653,4.7219
772,300,1.05549,0.25416,4.15286
773,300,1.10864,0.22383,4.95303
774,300,1.2128,0.300527,4.03557
775,300,1.11215,0.265563,4.18789
776,300,1.11944,0.254917,4.3914
777,300,1.19075,0.299107,3.98101
778,300,1.59916,0.24461,6.53759
779,300,1.16188,0.26085,4.45419
780,300,1.64482,0.231967,7.09075
781,300,1.22532,0.211607,5.79054
782,300,1.34498,0.235957,5.70011
783,300,1.25854,0.224653,5.60214
784,300,1.53478,0.23299,6.58734
785,300,1.16909,0.250813,4.66118
786,300,1.17843,0.243203,4.84544
787,300,1.1504,0.24496,4.69629
788,300,1.27851,0.252607,5.06127
789,300,1.40331,0.24865,5.64372
790,300,1.30702,0.30221,4.32488
791,300,1.26857,0.26071,4.86582
792,300,1.38028,0.229163,6.02314
793,300,1.09935,0.26779,4.10528
794,300,1.15229,0.263213,4.37778
795,300,1.13136,0.26025,4.34719
796,300,1.15597,0.31274,3.69628
797,300,1.57501,0.26629,5.91464
798,300,1.31666,0.25744,5.11442
799,300,1.34313,0.255357,5.25982
800,300,1.5908,0.267,5.95805
801,300,-1.05877,0.263717,-4.01479
802,300,1.3307,0.26164,5.08601
803,300,1.22655,0.249823,4.90968
804,300,1.40802,0.294787,4.77641
805,300,1.12093,0.239593,4.67848
806,300,1.55246,0.388253,3.99857
807,300,1.21564,0.235267,5.16709
808,300,1.24138,0.231977,5.35133
809,300,1.27262,0.238507,5.33577
810,300,1.15469,0.272897,4.23125
811,300,1.17013,0.276747,4.22816
812,300,1.22434,0.259093,4.72549
813,300,1.71242,0.266547,6.42447
814,300,1.39616,0.261287,5.3434
815,300,1.35406,0.262913,5.15021
816,300,1.23093,0.27378,4.49607
817,300,1.45514,0.271583,5.35797
818,300,1.29861,0.250767,5.17856
819,300,1.23108,0.276633,4.45023
820,300,1.29394,0.299837,4.31547
821,300,1.34772,0.310027,4.3471
822,300,1.35052,0.33683,4.00949
823,300,1.36846,0.374343,3.65564
824,300,1.3922,0.284353,4.89603
825,300,1.36546,0.3467,3.93846
826,300,1.37277,0.335473,4.09205
827,300,1.36318,0.287583,4.74013
828,300,1.63666,0.282403,5.79547
829,300,1.35152,0.283343,4.76989
830,300,1.38838,0.2956,4.69683
831,300,1.34999,0.279337,4.83284
832,300,1.31022,0.285393,4.59094
833,300,1.25154,0.266907,4.68904
834,300,1.31114,0.316963,4.13656
835,300,1.27199,0.308077,4.12881
836,300,1.44199,0.322863,4.46626
837,300,1.55936,0.296837,5.25327
838,300,1.41922,0.334807,4.23891
839,300,1.50395,0.365873,4.11058
840,300,1.5679,0.261283,6.00075
841,300,1.48472,0.30051,4.94067
842,300,1.44663,0.276,5.24143
843,300,1.38569,0.291167,4.75911
844,300,1.6048,0.35754,4.48844
845,300,1.37794,0.290663,4.74067
846,300,1.5665,0.28208,5.55339
847,300,1.52514,0.304347,5.01119
848,300,1.7836,0.290187,6.14638
849,300,1.49816,0.306227,4.89232
850,300,1.43104,0.279117,5.12703
851,300,1.63502,0.313523,5.215
852,300,1.41526,0.288333,4.90842
853,300,1.37006,0.298173,4.59483
854,300,1.33822,0.305307,4.3832
855,300,1.38102,0.371043,3.72198
856,300,1.51025,0.36448,4.14358
857,300,1.37544,0.29975,4.58862
858,300,1.37834,0.314223,4.38649
859,300,1.796,0.28143,6.38168
860,300,1.43923,0.405747,3.54711
861,300,1.64144,0.282433,5.81178
862,300,1.56578,0.3106,5.04114
863,300,1.71369,0.445597,3.84582
864,300,-0.829893,0.351123,-2.36354
865,300,1.55208,0.3267,4.75077
866,300,1.43476,0.31747,4.51935
867,300,1.87995,0.281143,6.68681
868,300,1.63378,0.35862,4.55574
869,300,1.76847,0.313523,5.64062
870,300,1.40564,0.300743,4.67389
871,300,1.36092,0.283433,4.80154
872,300,1.44966,0.287297,5.04588
873,300,1.44143,0.28852,4.99593
874,300,1.37916,0.291367,4.73341
875,300,1.41284,0.28798,4.90604
876,300,1.44612,0.31205,4.63427
877,300,1.45224,0.320517,4.53094
878,300,1.70934,0.308203,5.54614
879,300,1.57379,0.290043,5.42606
880,300,1.44065,0.343217,4.19748
881,300,1.44553,0.288023,5.01879
882,300,1.43714,0.338457,4.24616
883,300,1.43026,0.32637,4.38234
884,300,1.50734,0.33178,4.54319
885,300,1.4579,0.33981,4.29035
886,300,1.7631,0.40701,4.33183
887,300,1.5657,0.30804,5.08278
888,300,1.59188,0.330857,4.81138
889,300,1.65012,0.340377,4.84792
890,300,1.56739,0.3446,4.54842
891,300,1.88709,0.340893,5.53573
892,300,1.97589,0.37396,5.28368
893,300,1.70125,0.304983,5.57817
894,300,3.35166,0.355893,9.41761
895,300,2.7482,0.341263,8.05303
896,300,1.75794,0.34275,5.12893
897,300,1.70318,0.32478,5.24411
898,300,2.06953,0.365447,5.66301
899,300,1.65625,0.3812,4.34484
900,300,1.92876,0.363543,5.30545
901,300,2.07803,0.37993,5.4695
902,300,1.96859,0.39111,5.03335
903,300,1.66238,0.36757,4.52262
904,300,2.12396,0.389727,5.44987
905,300,1.95724,0.416573,4.69842
906,300,1.7066,0.36018,4.7382
907,300,1.99915,0.35791,5.58561
908,300,1.7631,0.38152,4.62124
909,300,1.969,0.350513,5.61747
910,300,2.32156,0.39298,5.90757
911,300,2.04657,0.366603,5.58253
912,300,1.98162,0.36963,5.36108
913,300,2.04229,0.595343,3.43044
914,300,1.89094,0.359463,5.26044
915,300,1.82283,0.354137,5.14726
916,300,-0.836233,0.467743,-1.7878
917,300,2.366,0.350437,6.75159
918,300,1.94346,0.382713,5.0781
919,300,1.86656,0.359243,5.1958
920,300,2.14792,0.369967,5.8057
921,300,1.99421,0.382007,5.22035
922,300,1.64355,0.37503,4.38246
923,300,1.98127,0.39131,5.06317
924,300,2.04321,0.361567,5.651
925,300,2.27577,0.36657,6.20828
926,300,2.24084,0.370393,6.0499
927,300,2.17736,0.5305,4.10436
928,300,2.0885,0.356307,5.86152
929,300,2.11032,0.386003,5.46711
930,300,2.00262,0.39153,5.11485
931,300,2.27006,0.37882,5.99245
932,300,2.32176,0.51699,4.49093
933,300,2.03159,0.39297,5.16983
934,300,2.08512,0.418693,4.98007
935,300,2.38988,0.50328,4.74862
936,300,1.90709,0.453747,4.20298
937,300,2.17114,0.360243,6.02688
938,300,1.71726,0.39758,4.31927
939,300,1.86979,0.396797,4.71221
940,300,1.91111,0.361697,5.28375
941,300,2.45232,0.40038,6.12497
942,300,2.15153,0.36128,5.95531
943,300,1.94389,0.356663,5.45021
944,300,2.17453,0.417613,5.20705
945,300,2.10192,0.37848,5.55358
946,300,1.68486,0.361833,4.65646
947,300,1.73722,0.380013,4.57146
948,300,1.72685,0.37247,4.63622
949,300,1.80419,0.393583,4.58401
950,300,1.77411,0.420853,4.2155
951,300,2.04711,0.435323,4.70251
952,300,1.79394,0.36402,4.92813
953,300,1.84052,0.37862,4.86112
954,300,1.82245,0.34619,5.26432
955,300,1.66342,0.35795,4.64706
956,300,2.52478,0.466053,5.41736
957,300,2.11656,0.40925,5.17181
958,300,2.83433,0.45916,6.17285
959,300,2.38276,0.497333,4.79107
960,300,1.98918,0.363167,5.47731
961,300,-0.335507,0.34749,-0.965515
962,300,1.98232,0.422767,4.68891
963,300,1.71126,0.375483,4.55749
964,300,1.84145,0.4501,4.09119
965,300,1.74395,0.37312,4.67397
966,300,1.85086,0.489893,3.77808
967,300,1.96563,0.442823,4.43887
968,300,2.36586,0.451923,5.23508
969,300,2.11555,0.425453,4.97246
970,300,2.00165,0.435637,4.59478
971,300,2.01334,0.418327,4.81284
972,300,2.43286,0.4518,5.38481
973,300,2.39972,0.403613,5.94559
974,300,3.19203,0.404363,7.89396
975,300,2.31801,0.433843,5.34297
976,300,2.41845,0.4343,5.56862
977,300,2.32075,0.39843,5.82474
978,300,1.83729,0.377733,4.86399
979,300,1.8806,0.436747,4.30592
980,300,1.95365,0.376447,5.18972
981,300,2.22472,0.391403,5.68395
982,300,1.82573,0.538507,3.39035
983,300,2.2483,0.47752,4.70829
984,300,2.57904,0.46954,5.4927
985,300,2.26125,0.419353,5.39223
986,300,2.03947,0.464877,4.38713
987,300,2.37785,0.444127,5.35398
988,300,2.40676,0.438913,5.48346
989,300,2.29208,0.654823,3.50031
990,300,2.42854,0.451757,5.37578
991,300,2.58775,0.43981,5.88378
992,300,2.18464,0.440163,4.96326
993,300,2.17708,0.45765,4.75709
994,300,2.19933,0.511233,4.30201
995,300,2.58368,0.437317,5.90804
996,300,2.23286,0.56778,3.93261
997,300,2.40173,0.51544,4.65957
998,300,2.51338,0.404893,6.20752
999,300,2.57033,0.50924,5.04738
1000,20,2.61725,0.51075,5.12433
1001,20,3.30365,0.36935,8.9445
1002,20,1.7874,0.38165,4.68335
1003,20,2.3805,0.45735,5.20499
1004,20,2.1854,0.42375,5.15729
1005,20,2.25815,0.422,5.35107
1006,20,2.7952,0.4048,6.90514
1007,20,2.56435,0.56205,4.56249
1008,20,2.5106,0.47465,5.28937
1009,20,2.34655,0.51225,4.58087
1010,20,2.32965,0.599,3.88923
1011,20,2.97995,0.82375,3.61754
1012,20,3.3485,0.49565,6.75578
1013,20,2.88275,0.8744,3.29683
1014,20,3.7083,0.5567,6.66122
1015,20,3.30905,0.8634,3.83258
1016,20,3.67905,0.54605,6.73757
1017,20,3.6035,0.8881,4.05754
1018,20,3.5238,0.6037,5.83701
1019,20,1.82525,0.37175,4.90989
1020,20,1.92395,0.55325,3.47754
1021,20,2.101,0.47825,4.3931
1022,20,5.281,0.53015,9.96133
1023,20,5.1895,0.4154,12.4928
1024,20,2.0126,0.373,5.39571
1025,20,-33.9593,0.47,-72.2538
1026,20,1.91205,0.42655,4.48259
1027,20,2.2596,0.4762,4.74507
1028,20,1.99355,0.4459,4.47085
1029,20,2.12975,0.4208,5.06119
1030,20,2.41935,0.4942,4.89549
1031,20,2.15985,0.3859,5.59692
1032,20,2.7056,0.5012,5.39824
1033,20,2.6207,0.53375,4.90998
1034,20,3.3872,0.4714,7.18541
1035,20,2.5028,0.4872,5.13711
1036,20,3.24445,0.61325,5.29058
1037,20,3.41295,0.55085,6.19579
1038,20,3.51125,0.64805,5.41818
1039,20,4.3759,0.92305,4.7407
1040,20,3.11825,0.6259,4.98203
1041,20,3.14345,1.00085,3.14078
1042,20,3.15135,0.7218,4.36596
1043,20,3.3179,0.5323,6.23314
1044,20,2.96325,0.43265,6.84907
1045,20,2.7436,0.5872,4.67234
1046,20,3.33835,0.57395,5.81645
1047,20,3.89435,0.54555,7.13839
1048,20,3.30425,0.49895,6.62241
1049,20,2.65145,0.8355,3.17349
1050,20,3.3201,0.56555,5.87057
1051,20,2.6856,0.4665,5.75691
1052,20,2.1214,0.46145,4.59725
1053,20,2.02645,0.46575,4.35094
1054,20,2.4079,0.46415,5.18776
1055,20,2.3176,0.4597,5.04155
1056,20,2.1591,0.64525,3.34614
1057,20,2.41305,0.4987,4.83868
1058,20,2.05345,0.43305,4.74183
1059,20,2.59985,0.5886,4.41701
1060,20,2.21775,0.50545,4.38767
1061,20,2.3013,0.45175,5.09419
1062,20,2.2853,0.50455,4.52938
1063,20,2.4166,0.4692,5.15047
1064,20,2.8787,0.4813,5.98109
1065,20,2.80845,0.45895,6.11929
1066,20,2.24905,0.51815,4.34054
1067,20,2.03215,0.61095,3.32621
1068,20,2.3131,0.47315,4.88872
1069,20,2.4921,0.4541,5.488
1070,20,2.79925,0.5851,4.78422
1071,20,2.63395,0.54355,4.84583
1072,20,2.36975,0.54595,4.3406
1073,20,2.7683,0.46475,5.95654
1074,20,2.67565,0.6352,4.2123
1075,20,2.2015,0.46145,4.77083
1076,20,2.8418,0.65125,4.36361
1077,20,3.1736,0.65805,4.82273
1078,20,2.92455,0.67425,4.33749
1079,20,2.7307,0.61975,4.40613
1080,20,2.90585,0.43945,6.61247
1081,20,2.56285,0.6112,4.19314
1082,20,2.9955,0.47275,6.33633
1083,20,2.46175,0.6374,3.86217
1084,20,2.6818,0.5625,4.76764
1085,20,3.1305,0.70845,4.4188
1086,20,2.9716,0.60105,4.94401
1087,20,2.6752,0.4907,5.4518
1088,20,2.4794,0.6048,4.09954
1089,20,2.4583,0.47445,5.18137
1090,20,2.4495,0.52335,4.68042
1091,20,2.57525,0.4859,5.29996
1092,20,2.6391,0.5494,4.8036
1093,20,2.4671,0.6731,3.66528
1094,20,2.49645,0.5241,4.76331
1095,20,2.39345,0.5656,4.2317
1096,20,2.59135,0.4871,5.31995
1097,20,2.53165,0.5596,4.52404
1098,20,6.1897,0.68825,8.99339
1099,20,2.7501,0.50995,5.39288
1100,20,3.7205,0.53305,6.97965
1101,20,2.5314,0.45645,5.54584
1102,20,2.55635,0.51175,4.99531
1103,20,3.2222,0.5886,5.47435
1104,20,3.08625,0.7688,4.01437
1105,20,2.3705,0.514,4.61187
1106,20,2.46315,0.54075,4.55506
1107,20,2.1354,0.72675,2.93829
1108,20,6.8169,0.61105,11.156
1109,20,2.9099,0.72915,3.99081
1110,20,2.78205,0.7396,3.76156
1111,20,2.8709,0.4746,6.04909
1112,20,2.9744,0.4932,6.03082
1113,20,2.58745,0.67085,3.85697
1114,20,2.40685,0.55565,4.33159
1115,20,2.33905,0.49525,4.72297
1116,20,3.02415,0.5788,5.22486
1117,20,2.90115,0.9056,3.20357
1118,20,3.85865,0.5816,6.63454
1119,20,3.33705,0.63505,5.25478
1120,20,3.0448,0.5073,6.00197
1121,20,2.76575,0.5361,5.15902
1122,20,2.4086,0.5479,4.39606
1123,20,2.40915,0.57485,4.19092
1124,20,2.5839,0.5959,4.33613
1125,20,3.20815,0.7148,4.48818
1126,20,2.6582,0.5309,5.00697
1127,20,2.30685,0.5189,4.44565
1128,20,2.61335,0.5768,4.53077
1129,20,3.01335,0.7085,4.25314
1130,20,2.29055,0.56865,4.02805
1131,20,2.7296,0.50095,5.44885
1132,20,2.82675,0.5861,4.82298
1133,20,3.05765,0.5726,5.33994
1134,20,2.98545,0.53475,5.58289
1135,20,3.05105,0.5597,5.45122
1136,20,2.84545,0.6001,4.74163
1137,20,2.9116,0.53955,5.39635
1138,20,2.57395,0.5504,4.67651
1139,20,2.9565,0.63025,4.691
1140,20,3.2078,0.67205,4.77316
1141,20,2.55245,0.72905,3.50106
1142,20,2.5059,0.5931,4.22509
1143,20,2.86125,0.5306,5.39248
1144,20,2.8095,0.60665,4.63117
1145,20,4.21955,0.7397,5.70441
1146,20,3.37985,0.84745,3.98826
1147,20,3.3413,0.8567,3.9002
1148,20,3.57925,0.7558,4.73571
1149,20,2.9261,0.545,5.36899
1150,20,4.61165,0.53955,8.54722
1151,20,4.1044,0.59965,6.84466
1152,20,3.0482,0.5238,5.8194
1153,20,2.78355,0.61,4.5632
1154,20,2.9188,0.5337,5.46899
1155,20,2.4735,0.6169,4.00956
1156,20,3.4088,0.95375,3.5741
1157,20,3.1246,0.77015,4.05713
1158,20,2.83845,0.62005,4.57778
1159,20,2.78015,0.7536,3.68916
1160,20,3.2273,0.61935,5.21079
1161,20,3.3414,0.6577,5.08043
1162,20,2.89645,0.71425,4.05523
1163,20,2.7898,0.5892,4.73489
1164,20,3.2856,0.6347,5.17662
1165,20,3.0153,0.9632,3.1305
1166,20,4.35815,0.91305,4.77318
1167,20,4.6613,0.7447,6.2593
1168,20,3.3233,0.8848,3.75599
1169,20,3.411,0.5612,6.07805
1170,20,2.70305,0.8205,3.29439
1171,20,2.7172,0.6042,4.49719
1172,20,3.1318,0.5915,5.29467
1173,20,3.02035,0.63675,4.74338
1174,20,2.7566,0.83515,3.30072
1175,20,3.18955,0.68535,4.6539
1176,20,3.05,0.56045,5.44206
1177,20,3.65345,0.6492,5.62762
1178,20,2.7573,0.67965,4.05694
1179,20,2.8352,0.5653,5.01539
1180,20,3.36455,0.5882,5.72008
1181,20,3.86635,0.6045,6.39595
1182,20,3.19605,0.6427,4.97285
1183,20,3.81625,0.86435,4.41517
1184,20,2.9198,0.6559,4.45159
1185,20,3.45575,0.6584,5.24871
1186,20,3.08665,0.5931,5.20427
1187,20,3.10745,0.69615,4.46376
1188,20,3.64185,0.74125,4.91312
1189,20,3.65,0.8343,4.37493
1190,20,3.05065,0.7836,3.89312
1191,20,2.9613,0.6519,4.54257
1192,20,3.21145,0.5993,5.35867
1193,20,3.5774,0.6577,5.43926
1194,20,2.77075,0.62375,4.44208
1195,20,3.461,0.62405,5.54603
1196,20,3.17095,0.61245,5.17748
1197,20,3.83595,0.7221,5.31221
1198,20,3.845,0.7078,5.43233
1199,20,4.12935,0.7706,5.35862
1200,20,4.72145,0.97745,4.83037
1201,20,4.03745,1.01665,3.97133
1202,20,3.0293,0.58865,5.14618
1203,20,3.9275,0.5947,6.60417
1204,20,3.13605,0.75595,4.14849
1205,20,3.3784,0.58515,5.77356
1206,20,3.02455,0.654,4.62469
1207,20,3.03065,0.66465,4.55977
1208,20,3.2954,1.19025,2.76866
1209,20,5.13585,1.4812,3.46736
1210,20,4.1257,0.91265,4.52057
1211,20,3.2729,0.8967,3.64994
1212,20,3.4167,0.7198,4.74674
1213,20,3.71405,0.776,4.78615
1214,20,3.7225,0.66375,5.60829
1215,20,4.814,1.03225,4.6636
1216,20,4.00685,1.20625,3.32174
1217,20,3.35215,0.7124,4.70543
1218,20,3.6356,0.7958,4.56848
1219,20,3.08295,0.69685,4.42412
1220,20,3.5581,0.68535,5.19165
1221,20,3.53455,0.7535,4.69084
1222,20,3.2946,0.6921,4.76029
1223,20,3.36105,0.95175,3.53144
1224,20,3.7377,0.7319,5.10685
1225,20,3.59465,0.67615,5.31635
1226,20,3.0996,0.65735,4.7153
1227,20,3.14345,0.6601,4.76208
1228,20,3.7932,0.78175,4.85219
1229,20,3.56145,0.7138,4.98942
1230,20,3.6793,0.9294,3.95879
1231,20,3.92,0.85095,4.60662
1232,20,3.9964,1.05575,3.78537
1233,20,5.2182,0.9591,5.44073
1234,20,3.94355,0.96795,4.07413
1235,20,3.72515,0.6786,5.48946
1236,20,3.3733,1.0474,3.22064
1237,20,4.7432,1.05255,4.50639
1238,20,4.51545,1.02345,4.41199
1239,20,3.2167,0.69255,4.64472
1240,20,4.46795,1.1026,4.05219
1241,20,3.6168,0.67945,5.32313
1242,20,3.0381,0.8647,3.51347
1243,20,3.48485,0.7493,4.65081
1244,20,4.1514,0.71895,5.77425
1245,20,3.62155,0.7977,4.53999
1246,20,4.29295,0.8655,4.96008
1247,20,4.0852,0.72495,5.63515
1248,20,3.70125,0.6856,5.39856
1249,20,5.95815,0.81275,7.33085
1250,20,3.92665,0.7086,5.54142
1251,20,3.54915,0.71075,4.99353
1252,20,3.4202,0.75985,4.50115
1253,20,3.78605,0.8526,4.44059
1254,20,4.42645,0.8175,5.41462
1255,20,3.7925,0.9029,4.20035
1256,20,4.357,1.04735,4.16002
1257,20,4.0139,0.93255,4.30422
1258,20,3.6174,0.82815,4.36805
1259,20,4.3837,1.16975,3.74755
1260,20,4.60265,0.9799,4.69706
1261,20,5.34515,1.05785,5.05284
1262,20,4.81585,0.8022,6.0033
1263,20,4.54785,0.77895,5.83844
1264,20,4.35155,0.7625,5.70695
1265,20,3.69595,0.84575,4.37003
1266,20,3.3009,0.82555,3.99843
1267,20,3.40845,0.89935,3.7899
1268,20,4.0926,0.84885,4.82135
1269,20,4.3042,1.0722,4.01436
1270,20,3.93645,0.71175,5.53066
1271,20,3.72635,0.7902,4.7157
1272,20,4.85215,0.97845,4.95902
1273,20,3.9061,0.8809,4.43422
1274,20,3.57395,0.95835,3.72927
1275,20,3.74535,0.7932,4.72182
1276,20,4.195,0.86185,4.86744
1277,20,4.6625,0.9459,4.92917
1278,20,9.678,0.97345,9.94196
1279,20,9.96225,1.0559,9.43484
1280,20,3.97135,0.90745,4.37638
1281,20,3.9323,0.7871,4.99593
1282,20,3.63915,0.8474,4.29449
1283,20,4.07785,0.90665,4.49771
1284,20,5.18955,1.7162,3.02386
1285,20,5.44555,0.93485,5.82505
1286,20,4.23345,0.9966,4.24789
1287,20,3.9336,1.01705,3.86766
1288,20,4.8985,0.7649,6.40411
1289,20,4.5274,0.8624,5.24977
1290,20,3.84815,1.04285,3.69003
1291,20,4.09805,1.0911,3.75589
1292,20,4.5815,0.7964,5.75276
1293,20,4.5674,1.0078,4.53205
1294,20,4.4981,1.01295,4.44059
1295,20,4.7143,0.8308,5.67441
1296,20,4.1244,0.94345,4.37161
1297,20,4.0545,1.04505,3.87972
1298,20,4.1152,0.9375,4.38955
1299,20,3.8188,0.8555,4.46382
1300,20,5.1809,0.9042,5.72982
1301,20,4.7648,1.00885,4.723
1302,20,4.17595,1.06865,3.90769
1303,20,4.2519,0.96135,4.42284
1304,20,4.1685,0.91405,4.56047
1305,20,4.2527,1.0216,4.16278
1306,20,4.5777,1.5956,2.86895
1307,20,4.6838,1.148,4.07997
1308,20,5.5044,0.8996,6.11872
1309,20,4.0202,0.938,4.28593
1310,20,4.5515,0.8342,5.45613
1311,20,5.0558,1.0946,4.61886
1312,20,4.119,1.0933,3.76749
1313,20,4.25345,0.9273,4.58692
1314,20,3.5888,0.8043,4.46202
1315,20,4.10685,1.14415,3.58943
1316,20,3.9811,0.94075,4.23184
1317,20,4.6105,1.2274,3.75631
1318,20,4.5398,1.2082,3.75749
1319,20,4.08245,1.25125,3.2627
1320,20,4.65675,0.8701,5.35197
1321,20,5.0403,1.0645,4.7349
1322,20,4.6545,1.05085,4.42927
1323,20,4.30855,0.8412,5.12191
1324,20,4.4963,1.0425,4.313
1325,20,4.20175,0.8438,4.97956
1326,20,5.5335,1.1475,4.82222
1327,20,6.83705,1.12885,6.05665
1328,20,4.7519,1.11425,4.26466
1329,20,4.76005,0.8409,5.66066
1330,20,4.49935,0.92685,4.85445
1331,20,4.18785,1.07755,3.88646
1332,20,5.18515,1.0533,4.92277
1333,20,4.92715,1.08075,4.55901
1334,20,3.8992,0.878,4.441
1335,20,3.6968,1.2788,2.89084
1336,20,5.86075,0.85925,6.82077
1337,20,5.23505,1.0105,5.18065
1338,20,4.03365,1.0857,3.71525
1339,20,3.80525,0.9719,3.91527
1340,20,4.9529,1.43165,3.45957
1341,20,4.77225,1.00315,4.75726
1342,20,4.956,1.2313,4.02501
1343,20,5.06735,1.0627,4.76837
1344,20,4.4072,0.883,4.99117
1345,20,5.18785,0.9226,5.62308
1346,20,5.8518,0.91265,6.41188
1347,20,5.6438,1.0429,5.41164
1348,20,6.2428,1.0864,5.74632
1349,20,5.5132,1.25825,4.38164
1350,20,5.12565,0.85125,6.02132
1351,20,4.13825,0.92765,4.461
1352,20,4.6912,0.88155,5.32154
1353,20,4.7048,1.2573,3.74199
1354,20,3.8203,1.00935,3.78491
1355,20,3.9284,1.13235,3.46925
1356,20,4.90825,1.05955,4.63239
1357,20,5.06835,1.1118,4.55869
1358,20,5.3713,1.29715,4.14085
1359,20,5.00425,1.03615,4.82966
1360,20,5.99595,0.96725,6.19897
1361,20,5.4486,1.2125,4.49369
1362,20,4.3075,1.0927,3.94207
1363,20,4.42725,1.1293,3.92035
1364,20,4.4905,1.22635,3.66168
1365,20,4.571,0.98995,4.6174
1366,20,4.0525,1.0308,3.93141
1367,20,4.02505,0.9441,4.26337
1368,20,4.9891,0.98665,5.05661
1369,20,5.03955,0.97825,5.1516
1370,20,4.41165,1.09975,4.0115
1371,20,3.86465,1.03705,3.72658
1372,20,4.67915,1.06585,4.39006
1373,20,5.23305,1.1786,4.44006
1374,20,7.80465,1.1867,6.57677
1375,20,-26.5399,1.1397,-23.2868
1376,20,4.9381,1.15655,4.26968
1377,20,4.5119,1.05135,4.29153
1378,20,4.4494,1.0487,4.24278
1379,20,4.3964,1.011,4.34857
1380,20,5.019,1.19855,4.18756
1381,20,4.72015,0.9908,4.76398
1382,20,4.6835,1.02065,4.58874
1383,20,4.5315,1.17705,3.84988
1384,20,4.7956,1.3055,3.67338
1385,20,4.3918,1.0042,4.37343
1386,20,4.29835,1.0337,4.15822
1387,20,5.0668,1.00095,5.06199
1388,20,5.11665,1.1465,4.46284
1389,20,4.81375,1.4323,3.36085
1390,20,7.1964,1.3486,5.3362
1391,20,7.68895,1.41135,5.44794
1392,20,5.78005,0.95875,6.02874
1393,20,5.1595,1.17555,4.38901
1394,20,4.98175,1.26765,3.92991
1395,20,4.67115,1.3321,3.50661
1396,20,5.0754,1.1848,4.28376
1397,20,5.1652,1.19035,4.33923
1398,20,5.2116,2.2244,2.34292
1399,20,4.33765,1.0281,4.21909
1400,20,5.14545,1.1036,4.66242
1401,20,5.159,1.0052,5.13231
1402,20,4.5823,1.0495,4.36617
1403,20,4.87255,1.0786,4.51748
1404,20,6.63495,1.4568,4.55447
1405,20,7.4725,1.48,5.04899
1406,20,15.2043,1.2564,12.1015
1407,20,10.2849,1.04685,9.82457
1408,20,6.1482,3.5924,1.71145
1409,20,8.57155,1.00295,8.54634
1410,20,4.29545,1.17735,3.64841
1411,20,4.9261,1.3425,3.66935
1412,20,5.82615,1.1434,5.09546
1413,20,5.58845,1.118,4.99861
1414,20,4.4613,1.3155,3.39133
1415,20,4.72135,1.4919,3.16466
1416,20,5.1314,1.3012,3.94359
1417,20,5.1944,1.04995,4.94728
1418,20,4.5133,1.16875,3.86165
1419,20,4.67425,1.04465,4.47447
1420,20,5.0878,1.26225,4.03074
1421,20,7.61415,1.66335,4.5776
1422,20,9.2321,1.41345,6.53161
1423,20,9.55585,1.71535,5.57079
1424,20,7.3315,1.64235,4.46403
1425,20,7.4591,1.71295,4.35453
1426,20,6.9213,1.83405,3.77378
1427,20,7.6689,1.3847,5.53831
1428,20,7.73815,2.046,3.78209
1429,20,5.58695,1.31265,4.25624
1430,20,4.3113,1.2616,3.41733
1431,20,5.62,1.05135,5.34551
1432,20,5.19815,1.2973,4.0069
1433,20,5.00755,1.13335,4.41836
1434,20,5.157,1.29945,3.9686
1435,20,5.09725,1.24715,4.08712
1436,20,5.4739,1.45655,3.75813
1437,20,5.24525,1.12175,4.67595
1438,20,6.47915,1.1477,5.64533
1439,20,6.5378,1.41815,4.61009
1440,20,5.3053,1.0496,5.05459
1441,20,5.54125,1.57905,3.50923
1442,20,6.33025,1.3641,4.64061
1443,20,5.9979,1.6569,3.61995
1444,20,5.2871,1.17075,4.51599
1445,20,5.40435,1.2202,4.42907
1446,20,5.09895,1.49645,3.40736
1447,20,5.77025,1.11375,5.18092
1448,20,5.2128,1.16085,4.4905
1449,20,4.9839,1.1508,4.33081
1450,20,5.6954,1.1941,4.76962
1451,20,6.7992,1.13625,5.98389
1452,20,5.789,1.6153,3.58385
1453,20,5.73125,1.1231,5.10306
1454,20,7.8609,1.64805,4.76982
1455,20,9.4341,1.5209,6.20297
1456,20,5.99275,1.30675,4.586
1457,20,5.96855,1.33205,4.48073
1458,20,6.04795,1.181,5.12104
1459,20,5.44515,1.1605,4.69207
1460,20,5.69095,1.37495,4.13902
1461,20,5.12285,1.42255,3.60117
1462,20,6.7788,1.2596,5.38171
1463,20,5.10225,1.35065,3.77763
1464,20,5.19955,1.1865,4.38226
1465,20,6.34835,1.6565,3.83239
1466,20,5.4113,1.49215,3.62651
1467,20,7.16285,1.64915,4.34336
1468,20,6.4096,1.49505,4.28721
1469,20,5.5612,1.2446,4.46826
1470,20,9.5654,1.2685,7.54072
1471,20,7.0921,1.22335,5.79728
1472,20,6.2297,1.4927,4.17344
1473,20,6.65435,1.40375,4.74041
1474,20,7.57095,1.46615,5.16383
1475,20,6.5765,1.1566,5.68606
1476,20,7.5481,2.08915,3.613
1477,20,14.4525,2.58025,5.6012
1478,20,5.7235,1.29425,4.42225
1479,20,5.50625,1.26215,4.3626
1480,20,6.2603,1.1715,5.34383
1481,20,5.9665,1.4908,4.00221
1482,20,5.77015,1.36285,4.23388
1483,20,5.44775,1.47415,3.69552
1484,20,6.69595,1.3999,4.78316
1485,20,7.3164,1.1958,6.11841
1486,20,7.7619,1.24225,6.24826
1487,20,7.34125,1.3506,5.43555
1488,20,8.2153,1.66195,4.94317
1489,20,7.2549,1.2499,5.80438
1490,20,5.0718,1.29735,3.90935
1491,20,5.82485,1.6328,3.5674
1492,20,6.6021,1.43365,4.6051
1493,20,5.98825,2.23575,2.67841
1494,20,6.1981,1.54175,4.02017
1495,20,9.89075,1.1675,8.47173
1496,20,5.66785,1.766,3.20943
1497,20,7.1731,1.54155,4.65317
1498,20,5.7105,1.61145,3.5437
1499,20,5.41045,1.3585,3.98266
1500,20,6.8065,1.7448,3.90102
