数组大小,朴素累加(ms),两路累加(ms),循环分治(ms),四路累加(ms),八路累加(ms),十六路累加(ms),递归分治(ms),两路加速比,循环分治加速比,四路加速比,八路加速比,十六路加速比,递归分治加速比,两路相对误差,循环分治相对误差,四路相对误差,八路相对误差,十六路相对误差,递归分治相对误差
100,0.000067,0.000040,0.000150,0.000030,0.000028,0.000044,0.000260,1.675000,0.446667,2.233333,2.392857,1.522727,0.257692,0.000000000000000e+00,0.000000000000000e+00,0.000000000000000e+00,0.000000000000000e+00,0.000000000000000e+00,0.000000000000000e+00
200,0.000137,0.000093,0.000275,0.000061,0.000052,0.000063,0.000669,1.473118,0.498182,2.245902,2.634615,2.174603,0.204783,7.538496325797924e-15,7.538496325797924e-15,7.538496325797924e-15,1.413468061087111e-14,7.538496325797924e-15,9.423120407247406e-15
300,0.000221,0.000124,0.000512,0.000162,0.000136,0.000122,0.000762,1.782258,0.431641,1.364198,1.625000,1.811475,0.290026,2.216911638417671e-15,1.750193398750793e-15,6.184016675586134e-15,3.500386797501585e-16,1.516834278917354e-15,1.283475159083915e-15
400,0.000319,0.000202,0.000524,0.000110,0.000090,0.000070,0.000794,1.579208,0.608779,2.900000,3.544444,4.557143,0.401763,2.650044058642378e-16,1.325022029321189e-16,6.625110146605945e-16,9.275154205248323e-16,6.625110146605945e-16,5.300088117284756e-16
500,0.000408,0.000226,0.000733,0.000149,0.000113,0.000102,0.000626,1.805310,0.556617,2.738255,3.610619,4.000000,0.651757,5.324844233247577e-16,1.198089952480705e-15,6.656055291559471e-16,2.662422116623789e-16,9.318477408183260e-16,1.331211058311894e-15
600,0.000488,0.000334,0.000849,0.000185,0.000149,0.000134,0.001563,1.461078,0.574794,2.637838,3.275168,3.641791,0.312220,1.977890175277933e-16,1.977890175277933e-16,3.955780350555866e-16,9.889450876389665e-16,5.933670525833799e-16,3.955780350555866e-16
700,0.000710,0.000486,0.001689,0.000325,0.000266,0.001208,0.003641,1.460905,0.420367,2.184615,2.669173,0.587748,0.195001,3.049659641263066e-16,1.524829820631533e-16,1.524829820631533e-16,4.574489461894598e-16,1.524829820631533e-16,1.524829820631533e-16
800,0.000992,0.000535,0.001438,0.000311,0.000254,0.000171,0.003194,1.854206,0.689847,3.189711,3.905512,5.801170,0.310582,2.393604867099828e-15,2.393604867099828e-15,2.543205171293567e-15,1.496003041937392e-15,3.141606388068524e-15,2.244004562906089e-15
900,0.001044,0.000633,0.001399,0.000339,0.000267,0.000197,0.003433,1.649289,0.746247,3.079646,3.910112,5.299492,0.304107,1.408768378157683e-15,3.521920945394208e-15,2.113152567236525e-15,3.099290431946903e-15,2.535783080683830e-15,3.662797783209977e-15
1000,0.001724,0.000522,0.001545,0.000356,0.000285,0.000196,0.002849,3.302682,1.115858,4.842697,6.049123,8.795918,0.605125,5.628355170966291e-16,2.814177585483146e-16,4.221266378224718e-16,2.814177585483146e-16,4.221266378224718e-16,8.442532756449436e-16
1250,0.001538,0.000786,0.002134,0.000539,0.000411,0.000275,0.004335,1.956743,0.720712,2.853432,3.742092,5.592727,0.354787,2.200379453947005e-15,6.770398319836939e-16,3.385199159918469e-16,5.077798739877703e-16,5.077798739877703e-16,8.462997899796173e-16
1500,0.003014,0.000879,0.002353,0.000532,0.000534,0.000265,0.003669,3.428896,1.280918,5.665414,5.644195,11.373585,0.821477,2.607920054968152e-15,1.541043668844817e-15,2.607920054968152e-15,1.066876386123335e-15,2.252294592927040e-15,1.066876386123335e-15
1750,0.001590,0.000883,0.002266,0.000614,0.000391,0.000257,0.002998,1.800680,0.701677,2.589577,4.066496,6.186770,0.530354,3.985039339974528e-16,1.992519669987264e-16,3.985039339974528e-16,1.992519669987264e-16,0.000000000000000e+00,1.992519669987264e-16
2000,0.001914,0.000957,0.002597,0.000589,0.000610,0.000419,0.003439,2.000000,0.737004,3.249576,3.137705,4.568019,0.556557,2.200406439423116e-15,2.933875252564154e-15,1.833672032852596e-15,2.200406439423116e-15,1.833672032852596e-15,3.117242455849414e-15
2250,0.002073,0.001025,0.002767,0.000684,0.000532,0.000388,0.004683,2.022439,0.749187,3.030702,3.896617,5.342784,0.442665,6.735353726382305e-15,4.041212235829384e-15,7.240505255860979e-15,3.030909176872037e-15,3.536060706350711e-15,3.030909176872037e-15
2500,0.002276,0.001241,0.003556,0.000765,0.000637,0.000399,0.006345,1.834005,0.640045,2.975163,3.572998,5.704261,0.358708,3.777778661214616e-16,6.296297768691027e-16,2.518519107476411e-16,7.555557322429232e-16,8.814816876167438e-16,6.296297768691027e-16
2750,0.002765,0.001261,0.004339,0.000931,0.000765,0.000549,0.009734,2.192704,0.637244,2.969925,3.614379,5.036430,0.284056,2.276270945999142e-15,3.414406418998713e-15,1.896892454999285e-16,3.983474155498499e-15,1.896892454999285e-15,3.224717173498785e-15
3000,0.003332,0.001582,0.004528,0.000989,0.000802,0.000484,0.010068,2.106195,0.735866,3.369060,4.154613,6.884298,0.330950,4.787318457450810e-15,5.203607018968272e-15,4.162885615174618e-15,6.452472703520657e-15,5.203607018968272e-15,5.411751299727003e-15
3100,0.002926,0.001418,0.004072,0.000964,0.000715,0.000555,0.010631,2.063470,0.718566,3.035270,4.092308,5.272072,0.275233,1.055644675301663e-14,1.829784103856216e-15,4.081826077833096e-15,7.037631168677753e-16,2.955805090844656e-15,2.674299844097546e-15
3200,0.002968,0.001559,0.004529,0.002063,0.000893,0.000572,0.011126,1.903784,0.655332,1.438682,3.323628,5.188811,0.266763,2.468147955198675e-15,1.762962825141911e-15,1.234073977599338e-15,3.525925650283821e-16,1.586666542627720e-15,1.586666542627720e-15
3250,0.003562,0.002045,0.004515,0.001060,0.000986,0.000585,0.011448,1.741809,0.788926,3.360377,3.612576,6.088889,0.311146,5.007250241760946e-15,1.877718840660355e-15,3.755437681320710e-15,2.086354267400394e-16,1.251812560440237e-15,1.460447987180276e-15
3300,0.003126,0.001436,0.003912,0.001217,0.000826,0.000500,0.009909,2.176880,0.799080,2.568611,3.784504,6.252000,0.315471,2.617351121127404e-15,1.682582863581903e-15,1.308675560563702e-15,2.804304772636505e-15,1.308675560563702e-15,2.056490166600103e-15
3400,0.003332,0.001499,0.004703,0.001233,0.000843,0.000547,0.008920,2.222815,0.708484,2.702352,3.952550,6.091408,0.373543,2.646496626888223e-14,6.921606562630738e-15,6.921606562630738e-15,1.343605979804790e-14,6.514453235417166e-15,8.550219871485029e-15
3500,0.003082,0.001580,0.004803,0.001076,0.000821,0.000534,0.009142,1.950633,0.641682,2.864312,3.753959,5.771536,0.337125,1.801695444771619e-15,6.551619799169525e-16,9.827429698754287e-16,1.637904949792381e-16,1.637904949792381e-16,4.913714849377144e-16
3600,0.003310,0.001645,0.004761,0.001067,0.000844,0.000542,0.009563,2.012158,0.695232,3.102156,3.921801,6.107011,0.346126,4.005058517002826e-16,1.335019505667609e-16,4.005058517002826e-16,4.005058517002826e-16,6.675097528338043e-16,1.335019505667609e-16
3700,0.003764,0.001611,0.005100,0.001913,0.000862,0.000549,0.009989,2.336437,0.738039,1.967590,4.366589,6.856102,0.376814,1.166964872424009e-15,1.944941454040015e-16,5.834824362120045e-16,0.000000000000000e+00,3.889882908080030e-16,1.944941454040015e-16
3750,0.005523,0.002576,0.006339,0.001388,0.001143,0.000760,0.012399,2.144022,0.871273,3.979107,4.832021,7.267105,0.445439,1.950171145179621e-15,6.500570483932071e-16,4.333713655954714e-16,1.733485462381886e-15,1.300114096786414e-15,1.083428413988679e-15
3800,0.004513,0.002052,0.005310,0.001140,0.000859,0.000541,0.010235,2.199318,0.849906,3.958772,5.253783,8.341959,0.440938,2.958251756644855e-15,1.286196415932546e-16,9.003374911527822e-16,3.858589247797638e-16,7.717178495595275e-16,1.286196415932546e-16
3825,0.004862,0.002366,0.005994,0.001269,0.000913,0.000568,0.009837,2.054945,0.811144,3.831363,5.325301,8.559859,0.494256,1.659934649341077e-15,1.521606761895987e-15,1.521606761895987e-15,1.383278874450897e-15,1.383278874450897e-15,1.659934649341077e-15
3850,0.003532,0.001831,0.006128,0.001464,0.001366,0.000891,0.014023,1.929001,0.576371,2.412568,2.585652,3.964085,0.251872,4.549464847311736e-15,3.601659670788457e-15,4.549464847311736e-15,3.601659670788457e-15,4.549464847311736e-15,3.791220706093113e-15
3875,0.006301,0.002552,0.008378,0.001699,0.001070,0.000689,0.009594,2.469044,0.752089,3.708652,5.888785,9.145138,0.656765,1.207651053274063e-16,1.328416158601470e-15,3.622953159822190e-16,3.502188054494784e-15,1.328416158601470e-15,2.294537001220720e-15
3900,0.006143,0.001788,0.005351,0.001155,0.000881,0.000652,0.010073,3.435682,1.148010,5.318615,6.972758,9.421779,0.609848,2.354696576985949e-15,1.662138760225376e-15,2.631719703690178e-15,1.662138760225376e-15,2.908742830394407e-15,1.108092506816917e-15
3925,0.003871,0.001851,0.005477,0.001169,0.000912,0.000584,0.010896,2.091302,0.706774,3.311377,4.244518,6.628425,0.355268,5.127199887914449e-15,6.248774863395734e-15,3.845399915935836e-15,6.889674849385041e-15,5.928324870401081e-15,6.088549866898408e-15
3950,0.003967,0.002253,0.006977,0.001646,0.003195,0.000830,0.010750,1.760763,0.568582,2.410085,1.241628,4.779518,0.369023,5.570315313663890e-16,8.912504501862222e-16,5.570315313663890e-16,5.570315313663890e-16,1.671094594099167e-15,7.798441439129446e-16
3975,0.003867,0.001873,0.006455,0.001870,0.001709,0.000873,0.011194,2.064602,0.599070,2.067914,2.262727,4.429553,0.345453,1.800413717431104e-15,1.575362002752216e-15,1.800413717431104e-15,1.350310288073328e-15,3.375775720183320e-16,1.462836145412772e-15
4000,0.003657,0.001898,0.006329,0.001388,0.001098,0.000723,0.011810,1.926765,0.577816,2.634726,3.330601,5.058091,0.309653,5.512645560337551e-15,4.793604835076132e-15,2.157122175784259e-15,9.587209670152264e-16,7.909447977875618e-15,4.314244351568519e-15
4025,0.004131,0.001984,0.006088,0.001650,0.001294,0.000766,0.010049,2.082157,0.678548,2.503636,3.192427,5.392950,0.411086,3.690041904565441e-15,4.466892831842376e-15,4.466892831842376e-15,2.718978245469272e-15,4.661105563661610e-15,4.855318295480844e-15
4050,0.004720,0.001987,0.006356,0.012186,0.001048,0.000753,0.013474,2.375440,0.742605,0.387330,4.503817,6.268260,0.350304,2.769636464055732e-15,9.374154186034786e-15,5.539272928111464e-15,1.278293752641107e-14,1.001330106235534e-14,9.800252103581822e-15
4075,0.003827,0.001865,0.005345,0.001230,0.001011,0.000728,0.010606,2.052011,0.715996,3.111382,3.785361,5.256868,0.360833,6.446480172361360e-15,5.541711025363274e-15,8.369114609732292e-15,4.750038021739949e-15,6.333384028986599e-15,4.750038021739949e-15
4100,0.003746,0.001902,0.005432,0.001331,0.001080,0.000586,0.010058,1.969506,0.689617,2.814425,3.468519,6.392491,0.372440,2.433145794674238e-15,4.866291589348477e-15,4.731116822977686e-15,5.947689720314805e-15,4.866291589348477e-15,5.136641122090058e-15
4125,0.003832,0.002261,0.007961,0.001648,0.001231,0.001184,0.010504,1.694825,0.481347,2.325243,3.112916,3.236486,0.364813,1.714441800175772e-15,2.143052250219715e-15,4.286104500439430e-16,1.285831350131829e-15,8.572209000878860e-16,2.571662700263658e-15
4150,0.003916,0.001989,0.007297,0.001846,0.000970,0.000630,0.010308,1.968829,0.536659,2.121343,4.037113,6.215873,0.379899,3.154195855973701e-15,2.490154623137132e-15,3.486216472391985e-15,1.328082465673137e-15,1.826113390300564e-15,2.158134006718848e-15
4175,0.004191,0.001971,0.005739,0.001257,0.001047,0.001355,0.011379,2.126332,0.730267,3.334129,4.002865,3.092989,0.368310,4.452401848725483e-15,2.054954699411761e-15,1.027477349705881e-15,8.562311247549006e-16,8.562311247549006e-16,2.054954699411761e-15
4200,0.003861,0.002074,0.005822,0.001768,0.001138,0.000719,0.011249,1.861620,0.663174,2.183824,3.392794,5.369958,0.343231,2.541099999842335e-15,2.752858333162529e-15,3.176374999802918e-15,2.329341666522140e-15,2.117583333201946e-15,2.752858333162529e-15
4250,0.003929,0.002027,0.006577,0.001768,0.000972,0.000604,0.010415,1.938333,0.597385,2.222285,4.042181,6.504967,0.377244,4.113736202154840e-15,1.218884800638471e-15,7.618030003990445e-16,2.133048401117325e-15,6.094424003192356e-16,1.218884800638471e-15
4300,0.003898,0.002315,0.006387,0.001393,0.001049,0.000641,0.009720,1.683801,0.610302,2.798277,3.715920,6.081123,0.401029,3.883647782766408e-15,5.437106895872970e-15,5.437106895872970e-15,4.919287191504116e-15,6.343291378518465e-15,4.919287191504116e-15
4400,0.003972,0.002527,0.007780,0.001382,0.001197,0.000858,0.010672,1.571824,0.510540,2.874096,3.318296,4.629371,0.372189,2.079597269522652e-15,3.267938566392739e-15,3.267938566392739e-15,3.862109214827782e-15,2.970853242175218e-15,3.267938566392739e-15
4500,0.007881,0.002234,0.008209,0.001519,0.002119,0.001267,0.017324,3.527753,0.960044,5.188282,3.719207,6.220205,0.454918,6.121834549135387e-15,6.516791616821542e-15,8.096619887566157e-15,5.331920413763080e-15,3.752092143018464e-15,6.121834549135387e-15
4600,0.005132,0.002258,0.007549,0.001684,0.001330,0.000940,0.013758,2.272808,0.679825,3.047506,3.858647,5.459574,0.373019,9.371948756117053e-16,2.276044697914141e-15,5.355399289209745e-16,2.677699644604872e-15,2.677699644604872e-15,2.409929680144385e-15
4700,0.006807,0.005771,0.007426,0.001461,0.001238,0.001032,0.015145,1.179518,0.916644,4.659138,5.498384,6.595930,0.449455,3.912394274466861e-15,8.450771632848420e-15,5.633847755232280e-15,7.511797006976374e-15,8.137780090891071e-15,8.450771632848420e-15
4750,0.004596,0.002435,0.007616,0.001577,0.001173,0.000959,0.013351,1.887474,0.603466,2.914394,3.918159,4.792492,0.344244,3.415242407459487e-15,6.324522976776827e-16,2.276828271639658e-15,1.517885514426438e-15,2.529809190710731e-16,1.264904595355365e-16
4800,0.005674,0.003815,0.007236,0.001587,0.001187,0.001479,0.020946,1.487287,0.784135,3.575299,4.780118,3.836376,0.270887,5.316738498633614e-15,7.721929724205964e-15,6.456039605483674e-15,6.582628617355903e-15,8.608052807311566e-15,7.088984664844819e-15
4900,0.004703,0.002237,0.006826,0.001528,0.001395,0.000911,0.013121,2.102369,0.688983,3.077880,3.371326,5.162459,0.358433,4.889347218412472e-15,2.037228007671863e-15,1.181592244449681e-14,6.111684023015590e-15,9.778694436824944e-15,2.648396409973422e-15
5000,0.005068,0.002273,0.006855,0.001409,0.001164,0.000754,0.015553,2.229652,0.739314,3.596877,4.353952,6.721485,0.325854,9.000751606215734e-16,9.000751606215734e-16,9.000751606215734e-16,5.625469753884833e-16,1.575131531087753e-15,7.875657655438767e-16
5250,0.005903,0.002470,0.007855,0.001563,0.001518,0.000787,0.014841,2.389879,0.751496,3.776711,3.888669,7.500635,0.397749,6.629104783220062e-15,2.278754769231896e-15,8.286380979025077e-16,2.071595244756269e-16,1.657276195805015e-15,2.278754769231896e-15
5500,0.005333,0.002794,0.010249,0.001924,0.001472,0.000993,0.017816,1.908733,0.520343,2.771830,3.622962,5.370594,0.299338,2.190873557442218e-15,4.768371860315416e-15,6.185995926895675e-15,6.057121011752015e-15,2.190873557442218e-15,4.252872199740777e-15
5750,0.015413,0.003047,0.008394,0.012661,0.001650,0.001217,0.033903,5.058418,1.836193,1.217360,9.341212,12.664749,0.454621,1.074351336661807e-15,4.082535079314865e-15,4.297405346647227e-15,4.297405346647227e-15,4.297405346647227e-15,3.867664811982504e-15
6000,0.005722,0.002910,0.009908,0.001904,0.001424,0.000863,0.024559,1.966323,0.577513,3.005252,4.018258,6.630359,0.232990,7.314426367864557e-16,3.657213183932279e-16,1.097163955179684e-15,7.314426367864557e-16,0.000000000000000e+00,3.657213183932279e-16
6250,0.008349,0.003914,0.010085,0.002196,0.003474,0.001540,0.017259,2.133112,0.827863,3.801913,2.403282,5.421429,0.483748,4.106971737159448e-15,2.823543069297120e-15,2.823543069297120e-15,1.540114401434793e-15,2.438514468938422e-15,1.796800135007258e-15
6500,0.006847,0.003230,0.010328,0.002815,0.001952,0.001313,0.018009,2.119814,0.662955,2.432327,3.507684,5.214775,0.380199,2.240603478331659e-16,5.601508695829146e-16,1.904512956581910e-15,2.352633652248242e-15,3.360905217497488e-16,7.842112174160805e-16
6750,0.006513,0.003130,0.011235,0.002172,0.002063,0.001574,0.017525,2.080831,0.579706,2.998619,3.157053,4.137865,0.371641,1.698183228261687e-14,1.736778301631271e-14,2.006943815218358e-14,1.408720177989809e-14,2.064836425272734e-14,1.929753668479190e-14
7000,0.007585,0.003289,0.013178,0.002298,0.001944,0.001500,0.014496,2.306172,0.575581,3.300696,3.901749,5.056667,0.523248,1.716619277169383e-15,1.831060562314008e-15,3.433238554338765e-16,2.403266988037136e-15,1.258854136590881e-15,1.831060562314008e-15
7250,0.006869,0.003652,0.014227,0.002230,0.001962,0.001438,0.014459,1.880887,0.482814,3.080269,3.501019,4.776773,0.475067,4.347388639615773e-16,8.694777279231545e-16,4.347388639615773e-16,8.694777279231545e-16,1.304216591884732e-15,1.086847159903943e-15
7500,0.006900,0.003630,0.013080,0.002369,0.001985,0.001471,0.013512,1.900826,0.527523,2.912621,3.476071,4.690687,0.510657,3.694323044981946e-15,9.895508156201641e-15,8.708047177457444e-15,1.095102902619648e-14,1.055520869994842e-14,1.002744826495100e-14
7750,0.007843,0.003913,0.016473,0.003401,0.003490,0.002916,0.022452,2.004344,0.476112,2.306086,2.247278,2.689643,0.349323,1.609036080905916e-15,3.218072161811832e-15,2.413554121358874e-15,3.016942651698593e-15,2.815813141585353e-15,3.218072161811832e-15
8000,0.012925,0.006703,0.020884,0.004081,0.003588,0.003094,0.015223,1.928241,0.618895,3.167116,3.602285,4.177440,0.849044,1.869253495627439e-15,2.336566869534299e-15,4.361591489797358e-15,2.025024620263059e-15,2.180795744898679e-15,2.492337994169919e-15
8250,0.010085,0.007525,0.025331,0.004123,0.003675,0.002639,0.018773,1.340199,0.398129,2.446034,2.744218,3.821523,0.537208,9.010385272292202e-16,7.851907165854634e-15,1.763461117577188e-14,1.094118211635482e-14,9.396544641104726e-15,7.980626955458807e-15
8500,0.009456,0.006101,0.021648,0.004106,0.003199,0.002185,0.019661,1.549910,0.436807,2.302971,2.955924,4.327689,0.480952,4.169891388161090e-15,3.552129701026114e-15,3.397689279242370e-15,2.779927592107394e-15,1.544404217837441e-15,3.243248857458626e-15
8750,0.011393,0.006136,0.020286,0.004348,0.003531,0.002421,0.023142,1.856747,0.561619,2.620285,3.226565,4.705907,0.492308,1.774132055253881e-14,3.188475092309422e-14,2.394457948699294e-14,5.396835272975092e-14,1.364716965579908e-15,2.717027413290909e-14
9000,0.009832,0.005382,0.017560,0.002763,0.002422,0.001803,0.019906,1.826830,0.559909,3.558451,4.059455,5.453134,0.493921,1.767678986930090e-15,3.977277720592701e-15,5.303036960790268e-15,5.523996834156530e-15,7.291675821086619e-15,4.861117214057746e-15
9250,0.009081,0.005296,0.019926,0.003167,0.002923,0.001947,0.023411,1.714690,0.455736,2.867382,3.106740,4.664099,0.387895,2.746244339100724e-15,9.154147797002415e-16,2.013912515340531e-15,1.464663647520386e-15,1.647746603460435e-15,1.464663647520386e-15
9500,0.008562,0.004737,0.016949,0.003679,0.002810,0.002299,0.022645,1.807473,0.505163,2.327263,3.046975,3.724228,0.378097,2.087222947944583e-14,2.759379490503008e-14,2.122599608079237e-14,2.617872849964392e-14,3.643795993869356e-14,2.936262791176277e-14
9750,0.009160,0.004620,0.017838,0.003217,0.003126,0.002384,0.029908,1.982684,0.513510,2.847373,2.930262,3.842282,0.306273,4.397178214208221e-15,2.198589107104110e-15,4.250605607067947e-15,3.078024749945755e-15,1.905443892823562e-15,2.345161714244385e-15
10000,0.010503,0.004446,0.017746,0.003182,0.002754,0.002144,0.022893,2.362348,0.591852,3.300754,3.813725,4.898787,0.458787,8.304382549094224e-16,6.228286911820668e-16,4.775019965729179e-15,1.038047818636778e-15,6.228286911820668e-16,4.152191274547112e-16
10500,0.009806,0.004850,0.021330,0.003436,0.002962,0.002340,0.028870,2.021856,0.459728,2.853900,3.310601,4.190598,0.339661,1.411279272291019e-15,1.176066060242515e-15,1.411279272291019e-15,1.411279272291019e-15,1.058459454218264e-15,1.058459454218264e-15
11000,0.010572,0.005310,0.019266,0.003678,0.004232,0.002384,0.038332,1.990960,0.548739,2.874388,2.498110,4.434564,0.275801,3.349165486303631e-15,1.762718677001911e-15,3.349165486303631e-15,1.410174941601529e-15,2.996621750903249e-15,1.410174941601529e-15
11500,0.011492,0.007004,0.021776,0.004038,0.003270,0.002120,0.039844,1.640777,0.527737,2.845963,3.514373,5.420755,0.288425,6.586014638218697e-15,1.072579526795616e-14,4.704296170156212e-15,1.373654481685614e-14,6.962358331831193e-15,9.220420493506175e-15
12000,0.012024,0.006392,0.021776,0.006688,0.003202,0.002578,0.045200,1.881101,0.552168,1.797847,3.755153,4.664081,0.266018,1.924183299576129e-15,2.886274949364194e-15,3.271111609279420e-15,3.078693279321807e-15,3.271111609279420e-15,2.693856619406581e-15
12500,0.011674,0.005970,0.023256,0.003900,0.003322,0.002484,0.038934,1.955444,0.501978,2.993333,3.514148,4.699678,0.299841,8.222869911311844e-16,6.167152433483883e-16,2.055717477827961e-15,1.027858738913980e-15,1.850145730045165e-15,2.055717477827961e-16
13000,0.012108,0.005856,0.024578,0.004238,0.004164,0.003122,0.040654,2.067623,0.492636,2.857008,2.907781,3.878283,0.297830,3.837993252277635e-15,4.452072172642056e-15,2.195332140302807e-14,1.120694029665069e-14,2.302795951366581e-15,1.995756491184370e-15
13500,0.012058,0.005980,0.025306,0.004102,0.003570,0.002876,0.040772,2.016388,0.476488,2.939542,3.377591,4.192629,0.295742,3.750093294665373e-15,3.491466170895347e-15,6.594991656135655e-15,1.163822056965116e-15,2.715584799585270e-15,3.232839047125322e-15
14000,0.012916,0.006168,0.024916,0.004622,0.003956,0.002638,0.039482,2.094034,0.518382,2.794461,3.264914,4.896133,0.327136,1.512547316090693e-15,9.453420725566835e-16,1.512547316090693e-15,1.323478901579357e-15,1.512547316090693e-15,1.134410487068020e-15
14500,0.013528,0.007014,0.027582,0.005286,0.005180,0.006534,0.041144,1.928714,0.490465,2.559213,2.611583,2.070401,0.328796,5.694183414495940e-15,2.319852502202050e-15,4.428809322385731e-15,2.530748184220418e-15,2.108956820183681e-15,2.319852502202050e-15
15000,0.014120,0.006704,0.026954,0.005390,0.004004,0.002978,0.038702,2.106205,0.523855,2.619666,3.526474,4.741437,0.364839,1.936616552391110e-15,9.037543911158514e-16,3.873233104782221e-16,1.420185471753481e-15,9.037543911158514e-16,9.037543911158514e-16
15500,0.015120,0.007168,0.034894,0.007524,0.006250,0.004458,0.046338,2.109375,0.433312,2.009569,2.419200,3.391655,0.326298,6.638660739393629e-15,4.425773826262419e-15,4.425773826262419e-15,2.950515884174946e-15,3.688144855218683e-15,4.425773826262419e-15
16000,0.022316,0.009582,0.037172,0.006688,0.005342,0.003952,0.041622,2.328950,0.600344,3.336722,4.177462,5.646761,0.536159,2.466841972803354e-15,1.762029980573824e-15,1.057217988344295e-15,1.057217988344295e-15,1.527092649830648e-15,1.644561315202236e-15
16500,0.017552,0.007370,0.030678,0.004878,0.004094,0.005838,0.040156,2.381547,0.572136,3.598196,4.287250,3.006509,0.437095,1.325678186266297e-15,1.325678186266297e-15,1.325678186266297e-16,1.723381642146186e-15,5.302712745065189e-16,1.193110367639668e-15
17000,0.016700,0.008068,0.033058,0.005622,0.004708,0.003754,0.041724,2.069906,0.505173,2.970473,3.547154,4.448588,0.400249,3.701023971471876e-13,1.484671804294860e-13,9.732059195617026e-14,7.269445676531453e-14,2.346586535974811e-13,1.134222957348067e-13
17500,0.017666,0.007782,0.030302,0.006016,0.005480,0.003360,0.044452,2.270111,0.582998,2.936503,3.223723,5.257738,0.397417,2.410101192141568e-15,4.131602043671259e-15,1.015685502402518e-14,5.680952810047981e-15,3.787301873365320e-15,4.475902213977197e-15
18000,0.016790,0.008062,0.034940,0.007192,0.006730,0.004142,0.043924,2.082610,0.480538,2.334538,2.494799,4.053597,0.382251,4.591516678976352e-14,2.040674079545045e-16,6.122022238635136e-16,2.428402154658604e-14,5.917954830680632e-15,4.897617790908109e-15
18500,0.017184,0.008240,0.033370,0.006782,0.005412,0.003980,0.046882,2.085437,0.514954,2.533766,3.175166,4.317588,0.366537,2.736131454828269e-15,4.299635143301565e-15,2.605839480788827e-15,5.863138831774862e-15,3.517883299064917e-15,4.429927117341007e-15
19000,0.018256,0.014616,0.038820,0.005580,0.004750,0.003866,0.046900,1.249042,0.470273,3.271685,3.843368,4.722193,0.389254,1.550657679566832e-14,9.280451264074224e-15,1.022024379714503e-14,9.750347530609627e-15,1.162993259675124e-14,8.810554997538819e-15
19500,0.018638,0.018834,0.049782,0.006156,0.006298,0.004366,0.047112,0.989593,0.374392,3.027615,2.959352,4.268896,0.395610,1.541997015950048e-15,9.812708283318490e-16,0.000000000000000e+00,1.682178562854598e-15,8.410892814272991e-16,1.121452375236399e-15
20000,0.023726,0.009104,0.048674,0.006638,0.006348,0.004818,0.061344,2.606107,0.487447,3.574269,3.737555,4.924450,0.386770,2.408650528259263e-13,4.208635588254306e-13,2.910669482853256e-13,4.499962649987608e-13,3.334654403054401e-13,3.958926678197190e-13
20500,0.019550,0.012468,0.040176,0.007268,0.006036,0.004742,0.054774,1.568014,0.486609,2.689873,3.238900,4.122733,0.356921,3.876178632206397e-15,4.550296655198815e-15,3.033531103465877e-15,2.696472091969668e-15,4.718826160946919e-15,4.044708137954502e-15
21000,0.029660,0.010360,0.038166,0.006868,0.007256,0.004926,0.048702,2.862934,0.777131,4.318579,4.087652,6.021112,0.609010,1.055318535170867e-14,9.135593289538848e-15,1.023816489344871e-14,8.348042143888946e-15,7.402980769109067e-15,8.978083060408868e-15
21500,0.020490,0.009614,0.061344,0.008354,0.007594,0.005850,0.050444,2.131267,0.334018,2.452717,2.698183,3.502564,0.406193,6.287663222429515e-15,5.209778098584456e-15,6.646958263711201e-15,5.030130577943612e-15,4.311540495380239e-15,5.209778098584456e-15
22000,0.022172,0.011992,0.039348,0.007548,0.006050,0.005720,0.051020,1.848899,0.563485,2.937467,3.664793,3.876224,0.434575,1.327101686466887e-15,1.857942361053642e-15,2.388783035640396e-15,1.592522023760264e-15,2.919623710227151e-15,1.592522023760264e-15
22500,0.020398,0.016898,0.044402,0.006518,0.005860,0.004176,0.048704,1.207125,0.459394,3.129488,3.480887,4.884579,0.418816,5.052447403435537e-16,1.010489480687107e-15,3.705128095852727e-15,1.852564047926363e-15,2.526223701717768e-15,1.010489480687107e-15
23000,0.021428,0.010212,0.061528,0.007840,0.009088,0.009054,0.058828,2.098316,0.348264,2.733163,2.357835,2.366689,0.364248,2.075434824833730e-15,2.807941233598576e-15,2.197519226294538e-15,1.831266021912115e-15,7.325064087648459e-16,3.174194437980999e-15
23500,0.026608,0.010834,0.058670,0.014086,0.006112,0.004482,0.063716,2.455972,0.453520,1.888968,4.353403,5.936635,0.417603,2.624274783077579e-15,2.469905678190663e-15,4.013596727059827e-15,2.006798363529914e-15,2.161167468416830e-15,2.315536573303746e-15
24000,0.025730,0.021742,0.059084,0.008778,0.009278,0.006110,0.059202,1.183424,0.435482,2.931192,2.773227,4.211129,0.434614,7.075731460820785e-15,4.994633972344083e-15,6.659511963125444e-15,4.994633972344083e-15,3.329755981562722e-15,4.786524223496413e-15
24500,0.022716,0.011734,0.078636,0.007874,0.006004,0.004672,0.064074,1.935913,0.288875,2.884938,3.783478,4.862158,0.354528,1.393226941749219e-14,1.519883936453694e-14,1.519883936453694e-14,1.481886838042352e-14,1.595878133276379e-14,1.532549635924141e-14
25000,0.023866,0.011662,0.053500,0.008442,0.014372,0.006678,0.077148,2.046476,0.446093,2.827055,1.660590,3.573824,0.309353,1.137047696339148e-14,1.322688136557784e-14,7.889718709292046e-15,6.845491233062217e-15,7.889718709292046e-15,1.264675498989460e-14
25500,0.027966,0.017840,0.051936,0.008480,0.010728,0.017650,0.100818,1.567601,0.538470,3.297877,2.606823,1.584476,0.277391,1.421741498803362e-15,7.108707494016809e-16,1.279567348923025e-15,2.132612248205043e-15,1.279567348923025e-15,8.530448992820170e-16
26000,0.028144,0.021176,0.052408,0.008910,0.007290,0.011676,0.082302,1.329052,0.537017,3.158698,3.860631,2.410415,0.341960,6.207490301243310e-15,9.931984481989295e-15,4.345243210870317e-15,8.690486421740634e-15,9.518151795239740e-15,9.931984481989295e-15
26500,0.024236,0.012822,0.064456,0.008662,0.007502,0.006046,0.059738,1.890189,0.376008,2.797968,3.230605,4.008601,0.405705,2.737325623105997e-13,2.298985685699326e-13,1.452958953361974e-13,3.120489904055885e-13,1.998584889434614e-13,2.164111858804965e-13
27000,0.024942,0.013084,0.051426,0.008798,0.007954,0.006920,0.055762,1.906298,0.485008,2.834962,3.135781,3.604335,0.447294,5.200167028433198e-15,3.309197199912035e-15,9.454849142605816e-16,2.836454742781745e-15,3.624358837998896e-15,3.309197199912035e-15
27500,0.024670,0.016234,0.049660,0.008704,0.007388,0.006488,0.050418,1.519650,0.496778,2.834329,3.339199,3.802404,0.489309,3.375231976635325e-15,2.868947180140026e-15,2.025139185981195e-15,6.750463953270649e-16,2.193900784812961e-15,3.375231976635325e-15
28000,0.024846,0.012488,0.050628,0.009410,0.007228,0.008044,0.053746,1.989590,0.490756,2.640383,3.437465,3.088762,0.462286,1.184500388227241e-14,6.712168866621034e-15,4.145751358795344e-15,5.725085209764999e-15,4.343168090166552e-15,6.909585597992241e-15
28200,0.025608,0.012734,0.052846,0.009060,0.007332,0.006448,0.050738,2.010994,0.484578,2.826490,3.492635,3.971464,0.504710,6.548188475985932e-15,2.046308898745604e-15,6.957450255735054e-15,8.185235594982416e-16,1.637047118996483e-15,2.250939788620164e-15
28400,0.028174,0.014168,0.048782,0.009078,0.007786,0.005426,0.052250,1.988566,0.577549,3.103547,3.618546,5.192407,0.539215,4.885362160033824e-16,8.142270266723041e-15,4.722516754699363e-15,8.142270266723041e-15,1.042210594140549e-14,8.142270266723041e-15
28500,0.035004,0.016260,0.072074,0.011594,0.008518,0.005560,0.050010,2.152768,0.485668,3.019148,4.109415,6.295683,0.699940,2.738244587595067e-15,4.694133578734400e-15,4.302955780506534e-15,2.607851988185778e-15,4.824526178143689e-15,4.694133578734400e-15
28600,0.030078,0.014162,0.050420,0.009112,0.008496,0.007412,0.057664,2.123853,0.596549,3.300922,3.540254,4.058014,0.521608,3.327620053723742e-14,1.962442595785797e-14,3.303241884831993e-14,4.997524622808550e-15,1.145773937912204e-14,1.986820764677546e-14
28800,0.027980,0.012940,0.055142,0.011522,0.008496,0.005872,0.049392,2.162287,0.507417,2.428398,3.293315,4.764986,0.566489,3.025086553238479e-14,4.297937179464506e-15,1.140606405319426e-14,6.777516321463258e-15,2.661414945745329e-14,8.761179635062262e-15
29000,0.026566,0.014644,0.054288,0.010634,0.008600,0.005726,0.049414,1.814122,0.489353,2.498213,3.089070,4.639539,0.537621,1.389638465308402e-14,1.535916198498760e-14,1.565171745136832e-14,9.946885856944354e-15,1.214105185479973e-14,1.594427291774904e-14
29200,0.034462,0.028818,0.058576,0.009002,0.008034,0.005932,0.056414,1.195850,0.588330,3.828260,4.289520,5.809508,0.610877,6.664817612973790e-15,2.361249668596428e-14,1.732852579373185e-14,9.330744658163306e-15,1.847106595595593e-14,2.532630692930040e-14
29400,0.029184,0.016706,0.069286,0.010512,0.008236,0.007440,0.051756,1.746917,0.421211,2.776256,3.543468,3.922581,0.563877,3.118266642064954e-15,3.811214784746055e-15,1.154913571135168e-15,3.464740713405504e-16,3.349249356291988e-15,3.926706141859572e-15
29500,0.038968,0.018404,0.066000,0.012676,0.010272,0.006572,0.061190,2.117366,0.590424,3.074156,3.793614,5.929397,0.636836,7.699429768007565e-16,1.847863144321815e-15,3.079771907203026e-16,1.077920167521059e-15,2.309828930402269e-15,1.847863144321815e-15
29600,0.037076,0.036168,0.069524,0.010984,0.009878,0.005666,0.054950,1.025105,0.533283,3.375455,3.753391,6.543593,0.674722,3.894570745755388e-15,9.520061822957616e-15,4.976395952909663e-15,1.146734719583531e-14,3.678205704324533e-15,1.168371223726617e-14
29800,0.029404,0.014336,0.074916,0.010016,0.008212,0.006156,0.053810,2.051060,0.392493,2.935703,3.580614,4.776478,0.546441,2.621389344331882e-15,9.994046875265302e-15,8.683352203099360e-15,3.768247182477081e-15,8.519515369078618e-15,9.994046875265302e-15
30000,0.035454,0.014788,0.054680,0.009354,0.009604,0.005742,0.044408,2.397484,0.648391,3.790250,3.691587,6.174504,0.798370,1.032664848426737e-14,9.500516605525978e-15,2.209902775633217e-14,2.189249478664682e-14,1.693570351419848e-14,8.261318787413893e-15
30200,0.028678,0.014080,0.049892,0.009282,0.008416,0.006128,0.050024,2.036790,0.574802,3.089636,3.407557,4.679830,0.573285,1.594299582983069e-16,0.000000000000000e+00,1.753729541281376e-15,2.232019416176297e-15,1.594299582983069e-16,1.594299582983069e-16
30400,0.044086,0.020006,0.072362,0.009190,0.009118,0.005940,0.044698,2.203639,0.609242,4.797171,4.835052,7.421886,0.986308,5.615980904835051e-15,6.598777563181185e-15,4.492784723868041e-15,4.913983291730670e-15,7.300775176285567e-15,6.598777563181185e-15
30500,0.028708,0.021960,0.061026,0.011040,0.007734,0.005620,0.044524,1.307286,0.470422,2.600362,3.711921,5.108185,0.644776,4.966537591239581e-14,9.755698839934893e-15,7.095053701770831e-15,3.769247279065754e-15,1.840279553896809e-14,9.312257983574216e-15
30600,0.027556,0.014446,0.060074,0.009038,0.007600,0.007412,0.047144,1.907518,0.458701,3.048905,3.625789,3.717755,0.584507,0.000000000000000e+00,3.939712740336396e-15,1.818328957078337e-15,3.485130501066812e-15,3.636657914156674e-15,3.636657914156674e-15
30800,0.042602,0.014284,0.063368,0.011356,0.010226,0.007716,0.054838,2.982498,0.672295,3.751497,4.166047,5.521255,0.776870,3.056757310102690e-14,2.274109303168185e-14,2.274109303168185e-14,2.436545681965912e-14,2.687583721926037e-14,2.333177077276450e-14
31000,0.043168,0.016026,0.060368,0.010142,0.009692,0.006602,0.048792,2.693623,0.715081,4.256360,4.453983,6.538625,0.884735,2.622161051148143e-15,8.194253284837947e-16,9.833103941805537e-16,3.277701313935179e-16,9.833103941805537e-16,6.555402627870358e-16
31200,0.029990,0.025608,0.065540,0.009844,0.009280,0.024612,0.052658,1.171118,0.457583,3.046526,3.231681,1.218511,0.569524,5.094117825827429e-15,1.410678782536826e-14,1.332307739062558e-14,1.371493260799692e-14,1.240874855009246e-14,1.449864304273961e-14
31400,0.041496,0.019412,0.071032,0.010814,0.008130,0.007238,0.051128,2.137647,0.584187,3.837248,5.104059,5.733075,0.811610,1.446061681789766e-14,1.018816184897335e-14,1.396764124456024e-14,1.035248704008583e-14,9.695186275635933e-15,1.035248704008583e-14
31500,0.041444,0.025736,0.070154,0.009874,0.008612,0.006034,0.048692,1.610351,0.590757,4.197286,4.812355,6.868412,0.851146,3.563403510674261e-14,8.429556691917607e-15,1.915808339072183e-15,8.812718359732043e-15,9.962203363175353e-15,7.663233356288734e-15
31550,0.030024,0.021060,0.064164,0.009840,0.008574,0.006182,0.051578,1.425641,0.467926,3.051220,3.501749,4.856681,0.582109,3.101007748854979e-15,1.483090662495860e-15,2.157222781812159e-15,3.370660596581499e-15,2.696528477265199e-16,1.752743510222379e-15
31600,0.040598,0.035806,0.137326,0.011166,0.031476,0.007624,0.051454,1.133832,0.295632,3.635859,1.289808,5.325026,0.789015,1.158181960301908e-14,1.187878933642983e-15,2.672727600696711e-15,1.039394066937610e-15,3.266667067518202e-15,2.672727600696711e-15
31650,0.029836,0.016314,0.066294,0.009760,0.008058,0.006078,0.042766,1.828859,0.450056,3.056967,3.702656,4.908852,0.697657,1.566047474756020e-15,8.025993308124600e-15,1.957559343445025e-14,8.221749242469102e-15,1.957559343445025e-15,8.613261111158108e-15
31700,0.029326,0.021536,0.070282,0.011410,0.009354,0.006228,0.043404,1.361720,0.417262,2.570202,3.135129,4.708735,0.675652,1.527518488531832e-14,1.426432706202520e-14,8.311497658187912e-15,1.651067778045437e-14,2.021715646586249e-14,1.381505691833937e-14
31750,0.028710,0.015382,0.065414,0.012340,0.007936,0.006218,0.043780,1.866467,0.438897,2.326580,3.617692,4.617240,0.655779,1.422860873326486e-15,2.276577397322378e-15,3.414866095983568e-15,1.422860873326486e-16,2.276577397322378e-15,1.849719135324432e-15
31800,0.028754,0.015502,0.057882,0.010586,0.007868,0.006362,0.045590,1.854857,0.496769,2.716229,3.654550,4.519648,0.630708,7.306523089532640e-15,1.522192310319300e-15,1.948406157208704e-14,4.718796161989830e-15,1.826630772383160e-15,2.131069234447020e-15
31850,0.028896,0.016054,0.058508,0.009824,0.008118,0.005908,0.051356,1.799925,0.493881,2.941368,3.559497,4.890995,0.562661,2.298537444982329e-14,1.167320063682125e-14,3.971295062011354e-15,9.747724243118778e-15,2.731769633565386e-14,1.263593883367249e-14
31900,0.032870,0.017094,0.061992,0.009294,0.007924,0.005802,0.042124,1.922897,0.530230,3.536690,4.148157,5.665288,0.780315,3.927177589252064e-16,9.163414374921482e-16,1.439965116059090e-15,6.545295982086772e-16,3.927177589252064e-16,9.163414374921482e-16
31950,0.035336,0.017836,0.059908,0.012502,0.008428,0.006144,0.044706,1.981162,0.589838,2.826428,4.192691,5.751302,0.790408,3.130967066378563e-15,3.826737525573799e-15,7.131647206751171e-15,6.435876747555935e-15,6.261934132757126e-15,3.652794910774990e-15
32000,0.028884,0.021932,0.063628,0.009604,0.007902,0.007498,0.043362,1.316980,0.453951,3.007497,3.655277,3.852227,0.666113,1.031883177089119e-14,4.610541855079044e-15,1.997901470534253e-14,1.097748060733106e-15,3.732343406492560e-15,4.610541855079044e-15
32050,0.039586,0.023950,0.063696,0.009454,0.007896,0.006946,0.048218,1.652860,0.621483,4.187222,5.013425,5.699107,0.820980,1.258654674672517e-14,6.646828057259359e-15,1.272796862028388e-15,2.969859344732905e-15,6.363984310141939e-15,6.505406183700648e-15
32100,0.033522,0.016050,0.063550,0.010196,0.010916,0.008280,0.047708,2.088598,0.527490,3.287760,3.070905,4.048551,0.702649,3.126928467147134e-14,1.205352314151689e-14,3.493774823628083e-15,9.607880764977227e-15,1.013194698852144e-14,1.187883440033548e-14
32150,0.029298,0.026960,0.062590,0.009634,0.009810,0.007054,0.046516,1.086721,0.468094,3.041104,2.986544,4.153388,0.629848,3.434414549639891e-15,1.125724769048631e-14,8.967637990726381e-15,6.678028290966454e-15,9.540040415666363e-15,1.163884930711296e-14
32200,0.031786,0.015166,0.080680,0.009696,0.011238,0.007150,0.043142,2.095872,0.393976,3.278259,2.828439,4.445594,0.736776,6.467087955779009e-16,1.293417591155802e-15,1.077847992629835e-15,1.293417591155802e-15,5.604809561675141e-15,1.293417591155802e-15
32250,0.039346,0.014946,0.067686,0.010052,0.007892,0.006234,0.046220,2.632544,0.581302,3.914246,4.985555,6.311517,0.851277,2.384922365205590e-15,1.517677868767194e-15,8.238822716164767e-15,7.371578219726370e-15,1.517677868767194e-15,1.300866744657595e-15
32300,0.029258,0.016432,0.064224,0.009824,0.009662,0.007004,0.042686,1.780550,0.455562,2.978217,3.028152,4.177327,0.685424,6.721644305033849e-15,1.114809299371468e-14,8.197127201260791e-15,1.114809299371468e-14,1.196780571384076e-14,1.114809299371468e-14
32350,0.033050,0.016420,0.062444,0.012830,0.008256,0.006146,0.044172,2.012789,0.529274,2.575994,4.003149,5.377481,0.748212,2.905002283613316e-15,2.075001631152368e-15,1.452501141806658e-15,4.980003914765684e-15,1.867501468037132e-15,2.075001631152368e-15
32400,0.029622,0.015762,0.064056,0.010318,0.010886,0.008300,0.043432,1.879330,0.462439,2.870905,2.721110,3.568916,0.682032,7.225895307027043e-16,1.156143249124327e-15,1.878732779827031e-15,3.323911841232440e-15,2.167768592108113e-15,8.671074368432452e-16
32450,0.036036,0.017290,0.056630,0.010506,0.009890,0.006240,0.042394,2.084211,0.636341,3.430040,3.643680,5.775000,0.850026,5.255073428600422e-15,5.255073428600422e-15,5.722191066698238e-15,7.707441028613954e-15,5.722191066698238e-15,5.255073428600422e-15
32500,0.029958,0.016026,0.068820,0.010204,0.009068,0.008398,0.042706,1.869337,0.435310,2.935907,3.303705,3.567278,0.701494,1.278611989879615e-14,9.343703002966417e-15,8.196230704356506e-15,8.524079932530767e-15,1.049117530157633e-14,9.179778388879288e-15
32600,0.033132,0.019736,0.060890,0.010704,0.010310,0.007762,0.047840,1.678760,0.544129,3.095291,3.213579,4.268488,0.692559,1.639870183950559e-14,1.611596560089343e-14,1.130944954448662e-14,1.314723509546569e-14,1.498502064644477e-14,1.611596560089343e-14
32800,0.030690,0.015350,0.064072,0.010900,0.010034,0.008704,0.047572,1.999349,0.478992,2.815596,3.058601,3.525965,0.645127,2.174895514548125e-14,9.711797580686595e-15,1.326823049755774e-14,2.174895514548125e-14,1.080608463203156e-14,1.080608463203156e-14
33000,0.031992,0.019898,0.057698,0.009650,0.008894,0.006220,0.047544,1.607800,0.554473,3.315233,3.597032,5.143408,0.672892,2.322603670069448e-14,8.008978172653269e-15,5.606284720857288e-15,1.521705852804121e-14,1.014470568536081e-14,8.542910050830154e-15
33200,0.037938,0.035490,0.062390,0.010482,0.011422,0.006486,0.049822,1.068977,0.608078,3.619347,3.321485,5.849214,0.761471,8.085787178610119e-16,1.010723397326265e-15,2.021446794652530e-15,6.064340383957589e-16,2.627880833048289e-15,8.085787178610119e-16
33400,0.044910,0.018266,0.083856,0.009840,0.008270,0.007996,0.062604,2.458666,0.535561,4.564024,5.430472,5.616558,0.717366,9.109871081673103e-15,1.029078029596406e-14,1.164039082658230e-14,1.147168951025502e-14,9.615975030654942e-15,1.045948161229134e-14
33600,0.037016,0.020708,0.076218,0.024572,0.009434,0.014362,0.064728,1.787522,0.485660,1.506430,3.923680,2.577357,0.571870,8.785181093433280e-15,8.122148558079825e-15,1.143731123484710e-14,8.950939227271644e-15,5.138502148989277e-15,8.122148558079825e-15
33800,0.033374,0.028680,0.061176,0.014762,0.008420,0.006730,0.066562,1.163668,0.545541,2.260805,3.963658,4.958990,0.501397,1.377973948744694e-15,6.263517948839516e-16,4.384462564187662e-15,2.881218256466177e-15,4.008651487257291e-15,6.263517948839516e-16
34000,0.032326,0.016878,0.074492,0.010774,0.010396,0.006684,0.061782,1.915274,0.433953,3.000371,3.109465,4.836326,0.523227,4.170652936056015e-14,7.995552260832775e-15,3.911337727596574e-14,6.331613006551360e-14,2.614761685299367e-14,1.231747240182347e-14
34200,0.032510,0.019318,0.064594,0.010598,0.008606,0.006444,0.054146,1.682886,0.503298,3.067560,3.777597,5.045003,0.600414,9.550176425187537e-15,8.435989175582325e-15,6.685123497631277e-15,1.161938131731150e-14,8.435989175582325e-15,8.276819568495865e-15
34400,0.037150,0.019160,0.072524,0.011006,0.008472,0.006660,0.062390,1.938935,0.512244,3.375432,4.385033,5.578078,0.595448,2.986905230493154e-15,3.791072023318233e-15,2.872024260089571e-15,1.378571644842994e-15,4.250595904932564e-15,3.561310082511068e-15
34600,0.046844,0.022514,0.065668,0.010124,0.008518,0.012016,0.062314,2.080661,0.713346,4.627025,5.499413,3.898469,0.751741,9.811134934849212e-15,6.329764474096266e-16,3.323126348900540e-15,1.740685230376473e-15,1.898929342228880e-15,4.747323355572200e-16
34800,0.031950,0.028540,0.062466,0.011534,0.016016,0.006476,0.066030,1.119481,0.511478,2.770071,1.994880,4.933601,0.483871,8.837293284313515e-14,2.407948515919450e-14,5.097028076844725e-14,4.265858030740548e-14,2.322386893526373e-14,2.407948515919450e-14
35000,0.034920,0.019982,0.075058,0.010850,0.009150,0.006882,0.062602,1.747573,0.465240,3.218433,3.816393,5.074106,0.557810,1.924722348797842e-15,1.924722348797842e-16,1.924722348797842e-16,1.347305644158490e-15,5.774167046393527e-16,1.924722348797842e-16
35200,0.037758,0.017000,0.082986,0.010602,0.009334,0.007266,0.065758,2.221059,0.454992,3.561404,4.045211,5.196532,0.574196,1.379527154850451e-15,3.009877428764620e-15,5.518108619401804e-15,7.650105131443410e-15,4.765639262210649e-15,3.762346785955775e-15
35400,0.034838,0.020466,0.065992,0.010162,0.010040,0.007248,0.070402,1.702238,0.527912,3.428262,3.469920,4.806567,0.494844,7.739011396933909e-15,8.818873452320037e-15,7.199080369240846e-15,1.799770092310212e-15,6.659149341547782e-15,8.818873452320037e-15
35600,0.036206,0.019128,0.063052,0.010974,0.008754,0.006598,0.067006,1.892827,0.574224,3.299253,4.135938,5.487420,0.540340,5.659303381996097e-15,1.498050895234261e-15,2.330301392586628e-15,1.165150696293314e-15,1.997401193645681e-15,1.830951094175208e-15
35800,0.057488,0.037396,0.086432,0.012338,0.011162,0.006470,0.083190,1.537277,0.665124,4.659426,5.150331,8.885317,0.691045,6.044141308066401e-15,1.599919758017577e-15,1.955457482021483e-15,2.310995206025389e-15,3.377608378037107e-15,1.599919758017577e-15
36000,0.037720,0.026394,0.062956,0.011550,0.011646,0.008670,0.070692,1.429113,0.599149,3.265801,3.238880,4.350634,0.533582,1.164791471027536e-15,2.523714853892995e-15,1.067725515108575e-14,5.047429707785991e-15,3.300242501244687e-15,3.106110589406764e-15
38000,0.043060,0.018408,0.067580,0.011718,0.009228,0.010682,0.089328,2.339200,0.637171,3.674689,4.666233,4.031080,0.482044,1.948643879556193e-13,4.205280104817316e-14,6.100617616847655e-14,2.961464862547406e-15,2.309942592786976e-14,4.323738699319212e-14
40000,0.049570,0.019036,0.100414,0.012312,0.012626,0.010920,0.098942,2.604013,0.493656,4.026153,3.926026,4.539377,0.501001,9.022379643754382e-13,2.473139597780389e-13,7.846875020118024e-13,5.465333185218390e-13,4.182964504887818e-13,1.984618195749695e-13
42000,0.043618,0.020710,0.072882,0.012354,0.011250,0.008444,0.117578,2.106132,0.598474,3.530678,3.877156,5.165561,0.370971,3.739764719404148e-15,2.285411772969201e-15,3.739764719404148e-15,1.662117653068510e-15,8.310588265342550e-16,1.662117653068510e-15
44000,0.046920,0.021960,0.079832,0.013132,0.010666,0.009064,0.123822,2.136612,0.587734,3.572952,4.399025,5.176523,0.378931,1.698311177863185e-14,5.264764651375873e-15,1.715294289641817e-14,8.151893653743287e-15,8.831218124888560e-15,5.944089122521147e-15
46000,0.063012,0.057946,0.082446,0.013698,0.011284,0.009176,0.141438,1.087426,0.764282,4.600088,5.584190,6.867044,0.445510,9.829975937630474e-15,5.007723590868355e-15,1.020091842584294e-14,5.564137323187061e-16,2.967539905699766e-15,5.378666079080826e-15
48000,0.050188,0.025396,0.098232,0.016702,0.013000,0.009660,0.151750,1.976217,0.510913,3.004910,3.860615,5.195445,0.330728,4.527558970050412e-15,0.000000000000000e+00,6.076460722962396e-15,1.548901752911983e-15,1.072316598169834e-15,1.191462886855372e-16
50000,0.088432,0.032208,0.093668,0.014492,0.012504,0.012318,0.177270,2.745653,0.944100,6.102125,7.072297,7.179088,0.498855,1.276192089965844e-13,2.460590143490588e-14,2.205606708931978e-14,4.270972528856720e-14,1.937874102645437e-14,2.256603395843700e-14
52000,0.070576,0.028728,0.099104,0.017974,0.016378,0.010406,0.162506,2.456697,0.712141,3.926561,4.309195,6.782241,0.434298,2.072637845754264e-14,2.135066696529995e-14,1.960265914357949e-14,1.997723224823387e-14,2.609525962425550e-14,2.010208994978533e-14
54000,0.060622,0.027112,0.105728,0.016180,0.017892,0.011974,0.147568,2.235984,0.573377,3.746724,3.388218,5.062803,0.410807,5.295098619846886e-15,5.059760903409246e-15,5.883442910940984e-15,5.648105194503344e-15,5.412767478065705e-15,4.942092045190427e-15
56000,0.063474,0.039920,0.117330,0.040134,0.037924,0.034976,0.151358,1.590030,0.540987,1.581552,1.673716,1.814787,0.419363,6.292733012706924e-15,6.544442333215201e-15,9.942518160076940e-15,6.922006313977616e-15,6.166878352452786e-15,6.670296993469339e-15
58000,0.077580,0.029538,0.099668,0.017872,0.015678,0.010708,0.138596,2.626447,0.778384,4.340868,4.948335,7.245050,0.559756,2.978847778149600e-15,5.585339584030501e-16,1.489423889074800e-15,5.585339584030501e-16,2.234135833612200e-15,3.723559722687001e-16
60000,0.087022,0.048460,0.134354,0.017776,0.019804,0.015250,0.163474,1.795749,0.647707,4.895477,4.394163,5.706361,0.532329,5.061637422398568e-15,5.061637422398568e-15,6.387304366360098e-15,3.012879418094386e-15,5.061637422398568e-15,4.941122245674793e-15
62000,0.065714,0.031714,0.110722,0.022726,0.019666,0.012924,0.135618,2.072082,0.593504,2.891578,3.341503,5.084649,0.484552,6.797660112236074e-15,1.469764348591584e-15,4.041851958626855e-15,1.837205435739479e-16,2.755808153609219e-15,1.653484892165532e-15
64000,0.067516,0.030924,0.110784,0.019262,0.016140,0.013502,0.131968,2.183288,0.609438,3.505140,4.183147,5.000444,0.511609,2.192399186216076e-15,9.965450846436708e-16,0.000000000000000e+00,1.993090169287342e-15,7.972360677149366e-16,7.972360677149366e-16
66000,0.064318,0.037276,0.118606,0.021576,0.024842,0.017702,0.153430,1.725453,0.542283,2.980997,2.589083,3.633375,0.419201,1.470968085679661e-16,8.825808514077964e-16,2.353548937087457e-15,1.029677659975762e-15,3.971613831335084e-15,1.029677659975762e-15
68000,0.099304,0.059314,0.121268,0.021812,0.016736,0.016860,0.161406,1.674208,0.818880,4.552723,5.933556,5.889917,0.615244,2.302858740168174e-15,1.963490083722338e-14,9.453841143848293e-15,1.660482354752841e-14,1.587760499800162e-14,1.915008847087218e-14
70000,0.084686,0.033448,0.125392,0.021052,0.019352,0.014784,0.176272,2.531870,0.675370,4.022706,4.376085,5.728220,0.480428,7.237830553232380e-15,7.754818449891835e-16,0.000000000000000e+00,1.421716715813503e-15,6.462348708243196e-16,9.047288191540475e-16
72000,0.099334,0.033210,0.125364,0.022970,0.019196,0.014362,0.177742,2.991087,0.792365,4.324510,5.174724,6.916446,0.558866,8.172049621807739e-15,3.485138809300360e-15,8.172049621807739e-15,6.489568817317910e-15,5.648328415072996e-15,3.244784408658955e-15
74000,0.129134,0.053048,0.143496,0.024350,0.020866,0.016842,0.173840,2.434286,0.899914,5.303244,6.188728,7.667379,0.742832,2.945056616688095e-14,2.044502114064462e-14,1.825448316128984e-14,1.423849686580608e-14,1.971484181419303e-14,2.044502114064462e-14
76000,0.095840,0.038018,0.137268,0.023288,0.022342,0.019042,0.209058,2.520911,0.698196,4.115424,4.289679,5.033085,0.458437,1.327231746777033e-14,1.360832550492907e-14,1.344032148634970e-14,1.864844606231021e-14,1.092026120765913e-14,1.344032148634970e-14
78000,0.088070,0.038818,0.145954,0.023140,0.020268,0.017704,0.199654,2.268793,0.603409,3.805964,4.345273,4.974582,0.441113,6.310895959342229e-14,3.246001674451963e-14,2.047906635813041e-14,7.899068452421730e-14,5.391427673875149e-14,2.995237596597305e-14
80000,0.113458,0.037080,0.148676,0.031518,0.027758,0.020432,0.207266,3.059817,0.763122,3.599784,4.087398,5.552956,0.547403,3.080809120291990e-15,6.161618240583981e-16,0.000000000000000e+00,1.437710922802929e-15,1.848485472175194e-15,2.053872746861327e-16
82000,0.083446,0.039870,0.146538,0.028406,0.022600,0.015140,0.244432,2.092952,0.569450,2.937619,3.692301,5.511625,0.341387,2.169682671722553e-14,3.276663626683040e-14,5.092112392818237e-14,2.745312768302006e-14,2.878150482897264e-14,3.343082483980669e-14
84000,0.095476,0.071094,0.152992,0.024970,0.021228,0.016520,0.223580,1.342954,0.624059,3.823628,4.497645,5.779419,0.427033,1.041100709925186e-14,2.328777903780022e-15,2.739738710329438e-15,3.013712581362382e-15,1.095895484131775e-15,2.191790968263550e-15
86000,0.130814,0.041624,0.161394,0.029284,0.022506,0.019678,0.203632,3.142754,0.810526,4.467081,5.812406,6.647728,0.642404,3.600773769261337e-14,2.956093749437254e-14,2.767406914366792e-14,2.421481050070943e-14,2.956093749437254e-14,2.956093749437254e-14
88000,0.099264,0.043486,0.162996,0.026880,0.038412,0.018584,0.201094,2.282666,0.608997,3.692857,2.584192,5.341369,0.493620,5.790628885605100e-15,6.717129507301916e-15,7.412004973574528e-15,7.527817551286630e-15,7.180379818150323e-15,6.485504351877712e-15
90000,0.111296,0.041780,0.232450,0.027724,0.031572,0.021686,0.213630,2.663858,0.478795,4.014428,3.525149,5.132159,0.520976,2.714493281377930e-15,4.949958336630344e-15,1.596760753751724e-15,4.151577959754482e-15,2.235465055252413e-15,5.269310487380688e-15
92000,0.098362,0.043874,0.182518,0.029322,0.023556,0.018374,0.205806,2.241920,0.538917,3.354546,4.175666,5.353325,0.477936,4.809349353388904e-15,7.628623112272055e-15,5.638547517766301e-15,2.404674676694452e-14,4.975188986264383e-16,7.296943846521096e-15
94000,0.142420,0.044386,0.175286,0.029246,0.023328,0.020246,0.210978,3.208669,0.812501,4.869726,6.105110,7.034476,0.675047,3.332421475077689e-15,2.940371889774431e-15,7.644966913413521e-15,5.880743779548863e-15,6.664842950155378e-15,2.940371889774431e-15
96000,0.135616,0.047670,0.198066,0.030914,0.024356,0.022502,0.227966,2.844892,0.684701,4.386880,5.568074,6.026842,0.594896,1.536152291263259e-14,1.097251636616614e-14,1.711712553121917e-14,1.075306603884281e-14,1.206976800278275e-14,1.097251636616614e-14
98000,0.106826,0.052632,0.183474,0.034176,0.025552,0.019610,0.224152,2.029678,0.582241,3.125761,4.180729,5.447527,0.476578,1.262054182080480e-14,5.986667273971506e-15,1.310594727545114e-14,5.986667273971506e-15,1.019351454757311e-14,5.986667273971506e-15
100000,0.123320,0.049646,0.193692,0.031222,0.031404,0.022302,0.233438,2.483987,0.636681,3.949779,3.926888,5.529549,0.528277,2.031843829372113e-14,1.783046625775528e-14,8.431460788550947e-15,5.252385409261245e-15,4.423061397272628e-15,1.810690759508482e-14
110000,0.297840,0.055600,0.273550,0.031700,0.029190,0.020030,0.223420,5.356835,1.088795,9.395584,10.203494,14.869695,1.333095,4.603645887412791e-13,3.393585964083419e-13,3.852325099196345e-13,3.465828347565770e-13,3.155186098591662e-13,3.436931394172830e-13
120000,0.123380,0.059480,0.338920,0.043550,0.039900,0.030360,0.184900,2.074311,0.364039,2.833065,3.092231,4.063900,0.667280,5.419214840044903e-16,7.225619786726539e-16,9.032024733408174e-16,9.032024733408174e-16,0.000000000000000e+00,7.225619786726539e-16
130000,0.119280,0.058240,0.327470,0.042830,0.033730,0.026140,0.165470,2.048077,0.364247,2.784964,3.536318,4.563122,0.720856,4.378950308209216e-15,3.402107547147160e-14,1.903159172414006e-14,2.189475154104608e-14,3.772634111687940e-14,3.435791780287231e-14
140000,0.126220,0.065290,0.365630,0.053940,0.041090,0.033720,0.249310,1.933221,0.345212,2.340007,3.071794,3.743179,0.506277,1.816325995992924e-14,1.786792239960519e-14,2.909074969191919e-14,1.137049607247603e-14,1.668657215830898e-14,1.757258483928114e-14
150000,0.179740,0.077230,0.388740,0.054800,0.055020,0.033990,0.319640,2.327334,0.462366,3.279927,3.266812,5.288026,0.562320,5.705828764238353e-14,5.146166134253252e-14,2.757362225780257e-14,6.784203100063306e-14,4.818558741091241e-14,5.091564902059583e-14
160000,0.156390,0.087950,0.381570,0.065290,0.063390,0.042950,0.408700,1.778169,0.409859,2.395313,2.467108,3.641211,0.382652,4.776049264455971e-15,1.188458770457649e-14,1.332850957522597e-14,2.032597710221960e-14,1.088494948643454e-14,1.188458770457649e-14
170000,0.161210,0.138000,0.521120,0.060140,0.046510,0.035270,0.476570,1.168188,0.309353,2.680579,3.466136,4.570740,0.338271,2.110433844721024e-14,3.165650767081537e-14,1.983807814037763e-14,2.722459659690121e-14,2.912398705715014e-14,3.123442090187116e-14
180000,0.222390,0.085190,0.655930,0.055860,0.049970,0.044770,0.599590,2.610518,0.339045,3.981203,4.450470,4.967389,0.370903,1.012230616603062e-14,2.931978337746801e-14,3.804590938266682e-14,4.886630562911336e-15,7.678990884574955e-15,2.862169329705211e-14
190000,0.200800,0.151020,0.566270,0.057440,0.056680,0.052000,0.588250,1.329625,0.354601,3.495822,3.542696,3.861538,0.341351,1.501112354011829e-15,6.277378934958556e-15,2.865759948568036e-15,1.091718075644966e-15,5.458590378224831e-16,5.867984656591694e-15
200000,0.284990,0.137560,0.716180,0.062810,0.056700,0.047250,0.644810,2.071751,0.397931,4.537335,5.026279,6.031534,0.441975,1.364785166699989e-13,9.696194884061582e-14,7.683777077935594e-15,6.915399370142034e-14,8.269207712444972e-14,9.842552542688927e-14
210000,0.227100,0.323460,0.711500,0.065280,0.069500,0.057810,0.724910,0.702096,0.319185,3.478860,3.267626,3.928386,0.313280,7.996541918701726e-15,6.032478991301302e-15,7.014510455001513e-16,1.108292651890239e-14,8.136832127801755e-15,6.032478991301302e-15
220000,0.265210,0.112550,0.735110,0.623820,0.190090,0.069080,0.557260,2.356375,0.360776,0.425139,1.395181,3.839172,0.475918,3.737002033851621e-15,7.874397142758774e-15,2.642594295366504e-14,4.537788183962683e-15,1.294604276012883e-14,8.808647651221679e-15
230000,0.230430,0.118720,0.784670,0.071670,0.066340,0.053440,0.710730,1.940954,0.293665,3.215153,3.473470,4.311939,0.324216,8.002692742526317e-16,5.401817601205265e-15,1.200403911378948e-15,5.801952238331580e-15,5.201750282642106e-15,5.201750282642106e-15
240000,0.442660,0.208880,0.786130,0.074940,0.083620,0.059820,0.571130,2.119207,0.563088,5.906859,5.293710,7.399866,0.775060,8.834380729041055e-15,2.442446436852527e-14,1.766876145808211e-14,7.621818668192282e-15,1.818843091273158e-14,2.477091067162492e-14
250000,0.364850,0.210500,0.869130,0.088760,0.092750,0.062320,0.648420,1.733254,0.419788,4.110523,3.933693,5.854461,0.562675,1.778933673657066e-14,5.323816103645233e-15,9.738687994472987e-15,2.298330366695625e-14,3.246229331490996e-15,4.155173544308474e-15
260000,0.438400,0.174050,0.863650,0.083180,0.077840,0.061810,0.548940,2.518816,0.507613,5.270498,5.632066,7.092703,0.798630,1.511267985788612e-14,1.032085453709296e-14,1.400687401462616e-14,1.161096135422958e-14,3.133116555903219e-15,9.952252589339638e-15
270000,0.425930,0.245880,0.992950,0.105840,0.083590,0.064170,0.619970,1.732268,0.428954,4.024282,5.095466,6.637525,0.687017,1.400132659397386e-14,2.617070391396983e-16,8.112918213330646e-15,1.321620547655476e-14,3.009630950106530e-15,0.000000000000000e+00
280000,0.444510,0.147370,0.973180,0.091570,0.082060,0.083340,0.625500,3.016286,0.456760,4.854319,5.416890,5.333693,0.710647,5.910753172871709e-14,5.466335641076843e-14,2.077651961140995e-14,4.288629181820450e-14,6.055188870705039e-14,5.488556517666586e-14
290000,0.452220,0.186320,0.972790,0.139620,0.085840,0.069710,0.696610,2.427115,0.464869,3.238934,5.268173,6.487161,0.649172,2.181596931083985e-14,8.017981529860355e-13,3.041979540983400e-13,2.448781274329103e-13,9.249725864545414e-13,8.017981529860355e-13
300000,0.486600,0.182560,1.131900,0.096810,0.086650,0.072740,0.754000,2.665425,0.429897,5.026340,5.615695,6.689579,0.645358,4.505411004205441e-15,4.505411004205441e-15,2.594024517572830e-15,3.959300579453267e-15,5.461104247521747e-15,4.505411004205441e-15
310000,0.584480,0.223800,1.139810,0.113860,0.127980,0.108680,0.794160,2.611618,0.512787,5.133322,4.566964,5.377990,0.735973,1.464324199059141e-14,3.191475818462230e-15,1.520644360561415e-14,3.942411305159224e-15,1.689604845068239e-15,3.379209690136478e-15
320000,0.352210,0.188750,1.064130,0.115220,0.097600,0.078250,0.793460,1.866013,0.330984,3.056848,3.608709,4.501086,0.443891,1.246741268850379e-14,1.716824042351341e-14,4.394252013161171e-14,6.335898251534712e-15,1.124110980110997e-14,1.675947279438214e-14
330000,0.475080,0.246320,1.114950,0.109200,0.095720,0.084160,0.784760,1.928711,0.426100,4.350549,4.963226,5.644962,0.605383,1.957474033747050e-14,1.078029178005622e-14,2.141873761563801e-14,2.198612139353571e-14,7.659681001618892e-15,1.134767555795391e-14
340000,0.673200,0.170900,1.222400,0.142980,0.168430,0.217340,1.241300,3.939146,0.550720,4.708351,3.996913,3.097451,0.542335,8.728045767809117e-14,5.240042210507868e-14,5.850844676763387e-14,5.079304719387995e-14,6.574163386802815e-14,5.352558454291779e-14
350000,0.599790,0.246410,1.747750,0.177810,0.226990,0.116900,1.166990,2.434114,0.343178,3.373207,2.642363,5.130796,0.513963,8.590984725874810e-15,2.267065413772519e-15,1.551150019949619e-15,9.784177048912979e-15,7.159153938229009e-16,2.267065413772519e-15
360000,0.428990,0.207070,2.228370,0.141670,0.124090,0.110630,0.898640,2.071715,0.192513,3.028093,3.457088,3.877700,0.477377,8.205421883512934e-14,4.548847952480518e-15,1.644583490512187e-14,1.329663247648151e-14,1.539610076224175e-14,3.849025190560438e-15
370000,0.404410,0.185690,1.409910,0.155840,0.129400,0.119950,1.113900,2.177877,0.286834,2.595033,3.125270,3.371488,0.363058,2.521129175561216e-14,7.878528673628798e-15,7.681565456788079e-15,4.136227553655119e-15,6.696749372584479e-15,8.075491890469518e-15
380000,0.469820,0.177890,1.239820,0.171230,0.122600,0.102470,1.259270,2.641070,0.378942,2.743795,3.832137,4.584952,0.373089,3.900415478567282e-14,7.735001160027944e-15,2.550904637881556e-14,1.333053391409071e-14,4.114362319163800e-15,7.405852174494840e-15
390000,0.437660,0.268010,1.408510,0.197730,0.165370,0.115760,0.954750,1.632999,0.310726,2.213422,2.646550,3.780753,0.458403,1.880517204916195e-13,2.648615781572106e-15,1.592112375367232e-13,3.678633029961258e-14,1.497939369800224e-13,1.088875376868532e-14
400000,0.428500,0.211270,1.445920,0.166530,0.180420,0.129090,1.055620,2.028210,0.296351,2.573110,2.375014,3.319390,0.405923,1.229491013245402e-14,3.706553789930992e-14,6.870685074018425e-15,2.856758530776082e-14,4.176653294995411e-14,3.652311539346636e-14
450000,0.458890,0.241250,1.668470,0.167760,0.190510,0.135710,0.806610,1.902135,0.275036,2.735396,2.408745,3.381402,0.568912,2.888080632303456e-14,2.734924841196455e-14,4.047688764970753e-14,4.769708923046617e-14,4.091447562429896e-14,2.778683638655598e-14
500000,0.473360,0.253510,-27.902340,0.233660,0.189310,0.166080,0.939460,1.867224,-0.016965,2.025850,2.500449,2.850193,0.503864,2.166900904765774e-15,4.561896641612155e-15,2.794161692987445e-14,3.421422481209117e-15,8.895698451143703e-15,4.105706977450940e-15
550000,0.618090,0.316830,2.268000,0.210150,0.214480,0.144680,1.010020,1.950857,0.272526,2.941185,2.881807,4.272118,0.611958,4.605614020136609e-15,3.028540128392861e-14,1.187690160950380e-13,1.074643271365209e-14,2.400501852919687e-14,3.000627316149609e-14
600000,0.618280,0.290630,2.060820,0.230870,0.228350,0.209880,1.373680,2.127378,0.300016,2.678044,2.707598,2.945874,0.450090,6.161480650715416e-15,2.235327863980476e-14,4.441997678422742e-15,2.536237384131694e-14,1.991734442905681e-14,2.249656888749582e-14
650000,0.790340,0.359120,2.972550,0.258620,0.212990,0.291700,1.625140,2.200769,0.265879,3.055989,3.710691,2.709427,0.486321,7.862216130322891e-15,1.668323910580711e-14,1.016335255871008e-14,1.457386404645219e-14,1.610795499871031e-14,1.649147773677484e-14
700000,0.774400,0.351720,2.930990,0.254870,0.246620,0.197800,2.608250,2.201751,0.264211,3.038412,3.140054,3.915066,0.296904,2.529228160982653e-14,6.282276399860138e-14,3.997812254456451e-14,6.649422423228587e-14,7.118553453088273e-14,6.261879398561891e-14
750000,0.806410,0.434170,2.792450,0.374610,0.360510,0.297970,2.319250,1.857360,0.288782,2.152665,2.236859,2.706346,0.347703,4.496117480201294e-13,2.087926449944389e-13,5.216092118113152e-13,2.231921377526761e-13,1.834693991092632e-13,2.112753161596522e-13
800000,0.820460,0.412650,2.969380,0.298640,0.316420,0.286850,2.957190,1.988271,0.276307,2.747321,2.592946,2.860241,0.277446,7.550356018330662e-15,2.221961913965881e-14,2.243534359732539e-14,2.523976154699107e-14,2.308251697032517e-14,2.178817022432562e-14
850000,1.030140,0.425350,3.392410,0.558630,0.303840,0.263560,2.608830,2.421864,0.303660,1.844047,3.390403,3.908560,0.394867,4.805152184073811e-14,1.065931646467078e-14,4.162209286204780e-14,2.148782842878077e-14,7.275406475886405e-15,1.065931646467078e-14
900000,0.959950,0.477680,3.406530,0.429580,0.329200,0.300390,2.341280,2.009609,0.281797,2.234625,2.916009,3.195679,0.410011,9.138718466027878e-15,8.332360954319536e-15,1.720229358311130e-14,1.478322104798627e-14,1.075143348944456e-15,8.735539710173706e-15
905000,1.001800,0.442020,3.509650,0.496910,0.469360,0.329800,2.406970,2.266413,0.285442,2.016059,2.134396,3.037599,0.416208,1.635964911039649e-14,2.568464910332250e-14,4.956973680450138e-14,3.419166664072867e-14,3.091973681864938e-14,2.486666664780267e-14
910000,1.385620,0.501300,3.577600,0.419620,0.370930,0.310430,2.674260,2.764053,0.387304,3.302083,3.735530,4.463551,0.518132,6.717944744503460e-12,1.889874763449106e-12,3.869217858768931e-12,1.919314214553096e-12,2.434504608872920e-12,1.889874763449106e-12
915000,1.180600,0.471990,3.661410,0.356700,0.356300,0.271820,2.231910,2.501324,0.322444,3.309784,3.313500,4.343315,0.528964,4.817843566287406e-14,2.024435895931842e-14,5.806521561975050e-15,2.605088052129347e-14,2.306915323271168e-14,2.071515800488396e-14
920000,1.175250,0.438450,4.816870,0.375190,0.302480,0.236980,2.488940,2.680465,0.243986,3.132413,3.885381,4.959279,0.472189,8.041955151326944e-15,1.510318406468719e-14,9.414971884480325e-15,2.059525099730071e-14,1.706463654062059e-14,1.549547455987387e-14
925000,1.196670,0.503020,3.855570,0.565500,0.425980,0.357340,2.758030,2.378971,0.310374,2.116127,2.809216,3.348827,0.433886,2.127201600002119e-13,5.119329654218827e-14,1.044195398784707e-13,2.568905494355296e-14,4.158300260647062e-14,5.193254992185886e-14
930000,1.101230,0.491020,3.643640,0.497750,0.466530,0.316650,2.285070,2.242740,0.302233,2.212416,2.360470,3.477751,0.481924,1.741111859897117e-14,1.210616840084714e-14,9.385681119757897e-15,8.161461843267737e-16,2.761294590305584e-14,1.251424149301053e-14
935000,1.165430,0.494850,4.140190,0.530750,0.459340,0.428900,2.723900,2.355118,0.281492,2.195817,2.537184,2.717253,0.427853,6.287874207524236e-15,2.986740248574012e-14,2.646147062333116e-14,3.261834745153197e-14,3.170136579626802e-14,2.999839986506354e-14
940000,1.015930,0.500900,3.520820,0.693840,0.302850,0.679470,2.416060,2.028209,0.288549,1.464214,3.354565,1.495180,0.420490,1.188660197837456e-13,1.282770988027684e-13,1.466900794921611e-13,1.468946681664877e-13,4.582786304915492e-14,1.295046308487280e-13
945000,1.004150,0.501540,3.771940,0.358580,0.428830,0.288510,2.512790,2.002133,0.266216,2.800351,2.341604,3.480469,0.399616,2.975795213056167e-14,2.930247327142041e-14,2.398855324810583e-14,2.899882069865958e-14,2.626594754381208e-14,2.930247327142041e-14
950000,1.365300,0.506080,3.667270,0.434700,0.351890,0.325580,2.332790,2.697795,0.372293,3.140787,3.879906,4.193439,0.585265,3.849777855442578e-15,3.422024760393402e-15,8.555061900983506e-16,2.780395117819640e-15,5.774666783163867e-15,2.994271665344227e-15
955000,1.161090,0.519230,3.668540,0.468420,0.387940,0.282660,2.474070,2.236177,0.316499,2.478737,2.992963,4.107727,0.469304,1.346298300996747e-14,5.199003013423608e-14,3.680836844214510e-14,5.428160171040075e-14,1.733001004474536e-14,5.299259269880812e-14
960000,1.262790,0.522350,3.810390,0.343970,0.340210,0.309150,2.373640,2.417517,0.331407,3.671221,3.711796,4.084716,0.532006,5.004230200631701e-14,2.250103507478283e-14,7.920364346323555e-15,1.332061276427143e-14,3.132144082409769e-14,2.304105991657762e-14
965000,1.270930,0.467210,3.667840,0.420250,0.385630,0.281840,2.321530,2.720254,0.346506,3.024224,3.295724,4.509402,0.547454,4.250879017297841e-14,4.674506135860169e-15,1.592253652527370e-14,2.059704266113387e-14,3.929506720457455e-14,3.651957918640757e-15
970000,1.198820,0.477030,3.571660,0.339040,0.323970,0.268030,2.589260,2.513091,0.335648,3.535925,3.700404,4.472708,0.462997,3.895983834381297e-14,4.854012646114403e-14,5.663014753800136e-14,2.107663385812833e-14,4.917881233563276e-14,4.811433587815153e-14
975000,1.095390,0.500640,4.461440,0.600040,0.459600,0.360900,2.719300,2.187979,0.245524,1.825528,2.383355,3.035162,0.402821,7.441417847688153e-15,4.308189280240510e-15,3.015732496168357e-14,3.133228567447643e-15,1.037881962967032e-14,4.308189280240510e-15
980000,0.980640,0.548280,4.146180,0.432480,0.422100,0.339280,2.518870,1.788575,0.236517,2.267481,2.323241,2.890356,0.389317,3.532508601516777e-15,3.532508601516777e-14,1.338634838469515e-14,3.160665590830800e-14,3.699837956325466e-14,3.532508601516777e-14
985000,1.003610,0.574050,5.261560,0.474950,0.441900,0.365330,2.622300,1.748297,0.190744,2.113086,2.271125,2.747133,0.382721,1.589740263150066e-14,6.453267678380351e-14,8.029535566418976e-14,5.375477669465053e-14,5.739231797473966e-14,6.534101929048999e-14
990000,1.058650,0.556050,4.122360,0.561930,0.437530,0.399810,2.749850,1.903876,0.256807,1.883954,2.419606,2.647883,0.384985,2.036790945193036e-14,3.081753256205115e-14,3.188020609867361e-14,1.841967463478920e-14,3.542245122074845e-16,3.046330804984367e-14
991000,1.008010,0.523490,4.364710,0.610690,0.434310,0.348540,2.472200,1.925557,0.230945,1.650608,2.320946,2.892093,0.407738,2.408813220108956e-14,6.307045301506655e-14,2.666243640578615e-14,9.212331475378525e-14,6.307045301506655e-14,6.288657414330251e-14
992000,1.030600,0.553430,4.115150,0.480170,0.429880,0.387620,2.315340,1.862205,0.250440,2.146323,2.397413,2.658790,0.445118,6.110167091603331e-14,3.101726042684134e-14,1.702451136210089e-14,9.654996854670913e-14,7.334532634768121e-14,3.020101673139814e-14
993000,1.100930,0.521390,4.380450,0.547690,0.534310,0.393910,2.686440,2.111529,0.251328,2.010133,2.060471,2.794877,0.409810,1.861146869051786e-14,2.229047994329464e-14,1.688016927744643e-14,3.743934980766965e-14,2.683514090260714e-14,2.250689236992857e-14
994000,1.074110,0.612050,4.545450,0.626990,0.554890,0.384050,2.658530,1.754938,0.236304,1.713121,1.935717,2.796797,0.404024,1.875420690535508e-14,1.826067514468784e-14,3.356015972537224e-14,6.539295828840915e-15,1.912435572585551e-14,1.974127042668955e-14
995000,1.084840,0.617130,4.558050,0.410270,0.463260,0.290220,2.779530,1.757879,0.238005,2.644210,2.341752,3.737992,0.390296,1.014278484614172e-13,1.082831869134946e-13,2.753041601095610e-13,3.380928282047240e-14,6.761856564094481e-14,1.039206988076271e-13
996000,0.998860,0.548880,4.703480,0.461400,0.400870,0.363660,2.312370,1.819815,0.212366,2.164846,2.491730,2.746686,0.431964,4.542849002741842e-14,7.953758885199171e-14,2.716653888682829e-14,7.168947761801910e-14,1.005161938812647e-13,7.968851406802965e-14
997000,1.013820,0.527000,3.833160,0.380790,0.309380,0.287980,2.614490,1.923757,0.264487,2.662412,3.276941,3.520453,0.387770,1.247250959254835e-14,6.126846817392171e-15,5.689214901864159e-15,3.063423408696085e-15,9.409086183852262e-15,6.564478732920183e-15
998000,1.073490,0.530740,3.726250,0.426580,0.411840,0.428520,2.295040,2.022629,0.288089,2.516503,2.606571,2.505111,0.467743,1.256834592497206e-14,1.828123043632300e-14,2.488278587166186e-14,2.069333723000451e-14,1.828123043632300e-14,1.840818342546413e-14
999000,1.127830,0.538140,3.816750,0.436250,0.340020,0.320450,2.641870,2.095793,0.295495,2.585284,3.316952,3.519519,0.426906,1.233446961731713e-13,1.377887592073177e-13,1.005382808560980e-13,1.750392375585373e-13,5.910662636341489e-14,1.294264069243908e-13
1000000,1.062070,0.538860,-25.799180,0.414740,0.362580,0.296330,2.313580,1.970957,-0.041167,2.560809,2.929202,3.584079,0.459059,8.988925652214844e-14,6.701990503948169e-14,1.098999390694818e-13,6.765516480288911e-14,1.078353448384077e-13,6.654346021692614e-14
1001000,1.151360,0.491460,3.847660,0.354700,0.353960,0.316500,2.206240,2.342734,0.299236,3.246011,3.252797,3.637788,0.521865,1.134568343836472e-14,1.774052319453393e-14,2.805478086577458e-14,3.156162847399641e-14,1.794680834795874e-14,1.774052319453393e-14
1002000,1.292740,0.490220,3.754900,0.360940,0.343580,0.324940,2.438700,2.637061,0.344281,3.581593,3.762559,3.978396,0.530094,1.482035187813498e-11,3.745749468002923e-12,3.612697707598510e-12,3.190062703960962e-12,2.196087787998580e-12,3.855321505983029e-12
1003000,1.103720,0.503420,3.681360,0.461840,0.447660,0.392080,2.554440,2.192444,0.299813,2.389832,2.465532,2.815038,0.432079,1.751131069939640e-14,3.680343265635853e-14,4.644949363483960e-14,3.264820638870515e-14,2.671216886348603e-14,3.650663078009758e-14
1004000,1.131240,0.466480,3.654700,0.390300,0.349120,0.288540,2.238280,2.425056,0.309530,2.898386,3.240261,3.920566,0.505406,2.624776494298142e-14,2.645774706252527e-14,2.519785434526216e-14,2.603778282343757e-14,3.359713912701621e-14,2.645774706252527e-14
1005000,1.380820,0.543360,3.739540,0.386320,0.521940,0.406520,2.245780,2.541262,0.369249,3.574291,2.645553,3.396684,0.614851,1.637096591627425e-14,1.189049103392551e-14,1.998981101355593e-14,2.412563398187784e-15,1.068420933483162e-14,1.206281699093892e-14
1006000,1.564280,0.514660,4.245800,0.411360,0.351460,0.282140,2.401760,3.039444,0.368430,3.802703,4.450805,5.544340,0.651306,2.099484085663396e-13,2.272360176889110e-13,1.204370102205809e-13,2.091800703831142e-13,2.535516004643808e-13,2.249310031392348e-13
1007000,1.275880,0.515940,3.892260,0.397280,0.338060,0.261100,2.267480,2.472923,0.327799,3.211538,3.774123,4.886557,0.562686,1.295256811452245e-14,1.496244937367249e-14,2.009881259150036e-15,6.252963917355667e-15,1.418082888400303e-14,1.496244937367249e-14
1008000,1.296780,0.548480,3.930260,0.493020,0.431020,0.358140,2.401140,2.364316,0.329948,2.630279,3.008631,3.620875,0.540068,1.205207368538963e-14,3.204087882213341e-14,2.807251309645633e-14,2.968925468839884e-14,4.012458678184596e-14,3.218785533049181e-14
1009000,1.037520,0.480540,3.843860,0.362720,0.319460,0.320040,2.213280,2.159071,0.269916,2.860388,3.247731,3.241845,0.468770,9.279474711749807e-14,8.782646186595673e-14,8.878806546302925e-14,7.292160611133268e-14,8.846753093067173e-14,8.718539280124171e-14
1010000,1.303860,0.670580,3.912080,0.366380,0.329340,0.301340,2.192000,1.944377,0.333291,3.558764,3.959009,4.326873,0.594827,6.540635449942448e-14,4.368990280904582e-14,6.720535049744401e-14,5.821037050734634e-14,2.762743854101427e-14,4.317590395246881e-14
1015000,1.347260,0.492060,3.953000,0.573060,0.415240,0.374900,2.251140,2.737999,0.340820,2.350993,3.244533,3.593652,0.598479,3.780203772623765e-14,8.558951938016071e-15,9.414847131817678e-15,3.851528372107232e-15,2.425036382437887e-15,8.416302739049137e-15
1020000,1.374160,0.724440,3.909080,0.424340,0.387500,0.312460,2.326000,1.896858,0.351530,3.238347,3.546219,4.397875,0.590782,5.291292201096424e-14,2.810064784763072e-14,4.932560526445818e-15,3.273426531186770e-14,3.736788277610468e-14,2.765223325431747e-14
1025000,1.439240,0.527400,4.247900,0.486220,0.434660,0.407220,2.499820,2.728934,0.338812,2.960059,3.311186,3.534306,0.575737,8.295247638242824e-13,3.333787466906100e-14,5.424268313801337e-13,1.580607469603715e-13,1.647283218941837e-14,3.059240263749127e-14
1030000,1.691540,0.547260,5.389020,0.615020,0.511120,0.449360,2.346920,3.090926,0.313886,2.750382,3.309477,3.764331,0.720749,1.418811839228926e-15,1.355753535263196e-14,1.008932863451681e-14,3.152915198286503e-16,3.531265022080883e-14,1.355753535263196e-14
1035000,1.109580,0.606180,4.521120,0.445960,0.438460,0.342700,2.376200,1.830446,0.245421,2.488071,2.530630,3.237759,0.466956,2.475053159115263e-14,6.592840715873400e-14,7.556578229157219e-14,3.657821925418133e-14,6.877581344798165e-14,6.527131339967685e-14
1040000,1.104900,0.626280,4.856120,0.499560,0.429720,0.347220,2.323620,1.764227,0.227527,2.211746,2.571209,3.182132,0.475508,8.445425475477765e-14,2.958353981962414e-14,6.346344434334309e-14,2.761948738346653e-14,3.829902250507358e-14,2.995179965140370e-14
1045000,1.185140,0.587280,5.228840,0.643880,0.458480,0.404820,2.850300,2.018015,0.226654,1.840622,2.584933,2.927573,0.415795,3.245985385312585e-14,2.409129778161684e-14,5.743872576353909e-14,1.394759345251501e-14,1.255283410726351e-14,2.396450147750307e-14
1050000,1.099100,0.626360,4.349860,0.488520,0.430660,0.380980,2.390520,1.754742,0.252675,2.249857,2.552129,2.884928,0.459774,4.951639950085542e-14,1.582229321798857e-13,2.262669910966241e-14,2.305299923781547e-13,1.023120307567344e-13,1.577310474166321e-13
1055000,1.152440,0.549440,4.437900,0.477840,0.481960,0.387300,2.479860,2.097481,0.259681,2.411770,2.391153,2.975574,0.464720,1.246738085330339e-14,3.408634977977629e-14,2.082317865924076e-14,3.421898149098164e-14,3.541266689182984e-14,3.408634977977629e-14
1060000,1.033260,0.630220,4.624920,0.463500,0.461720,0.364760,2.407900,1.639523,0.223411,2.229256,2.237850,2.832712,0.429113,1.019129821085589e-12,7.380944439027808e-14,6.565382356697913e-13,2.489723823893637e-13,1.951754112594234e-13,6.434117747140859e-14
1065000,1.148280,0.583080,4.457240,0.487860,0.448520,0.336240,2.447560,1.969335,0.257621,2.353708,2.560153,3.415061,0.469153,2.001228315324877e-13,1.213147707429499e-13,9.975114781037951e-14,1.303125414630152e-13,1.059565069276659e-13,1.216250386988142e-13
1070000,2.122540,0.621580,4.261960,0.674340,0.599460,0.516260,2.691640,3.414750,0.498020,3.147581,3.540753,4.111378,0.788568,2.775035701554182e-14,1.606599616689263e-14,2.357737099816711e-14,1.439680175994275e-14,2.628981190946067e-14,1.606599616689263e-14
1075000,1.107780,0.561460,4.243020,0.456460,0.475220,0.371400,2.421740,1.973035,0.261083,2.426894,2.331089,2.982714,0.457431,2.138939614796964e-14,1.069469807398482e-14,2.728991922327161e-14,1.290739422722306e-14,8.113219228540207e-15,1.014152403567526e-14
1080000,1.220220,0.539060,4.274460,0.595380,0.499580,0.368380,2.533600,2.263607,0.285468,2.049481,2.442492,3.312395,0.481615,3.066289134577461e-14,3.457730300693733e-14,3.675197615202773e-14,3.218516254733789e-14,4.371093021631700e-14,3.479477032144637e-14
1085000,1.532540,0.534280,4.159980,0.452520,0.351860,0.301380,2.461160,2.868421,0.368401,3.386679,4.355539,5.085075,0.622690,2.330472925561683e-13,7.975183987065595e-14,2.578802007793666e-14,9.980918882016224e-14,9.431729565541646e-14,7.879672801591756e-14
1090000,1.648000,0.640260,4.513400,0.537140,0.462580,0.356780,2.554780,2.573954,0.365135,3.068101,3.562627,4.619093,0.645065,8.051566066412317e-14,6.840975991178692e-14,9.056584242077968e-14,9.387783413604149e-14,7.526215656405273e-14,6.840975991178692e-14
1095000,1.143300,0.528020,4.602900,0.407240,0.366380,0.354300,2.476680,2.165259,0.248387,2.807435,3.120531,3.226926,0.461626,2.270132325023803e-14,2.444757888487173e-14,1.833568416365380e-14,2.684868038249306e-14,2.313788715889646e-14,2.444757888487173e-14
1100000,1.394460,0.555660,4.380780,0.428080,0.374700,0.342520,2.431480,2.509556,0.318313,3.257475,3.721537,4.071178,0.573503,4.188119004558241e-16,4.188119004558241e-15,4.606930905014065e-15,1.465841651595384e-15,2.931683303190769e-15,4.188119004558241e-15
1150000,1.266880,0.574800,4.438940,0.520480,0.415040,0.374360,2.695340,2.204036,0.285401,2.434061,3.052429,3.384122,0.470026,3.637206464965366e-14,3.872264025626394e-14,2.919662332421179e-14,4.317636245826234e-14,3.303177299815486e-14,3.884635476187500e-14
1200000,1.627320,0.623800,4.963180,0.477780,0.491180,0.441160,3.409580,2.608721,0.327878,3.406003,3.313083,3.688730,0.477279,3.819468676744120e-14,2.422533373675669e-14,9.637085318636783e-14,1.449983479134342e-14,2.086561591925029e-14,2.457898824386262e-14
1250000,1.547420,0.665980,5.322400,0.502000,0.579920,0.399840,3.352360,2.323523,0.290737,3.082510,2.668334,3.870098,0.461591,3.221155014046512e-14,3.153578335430151e-14,3.716717323899821e-14,2.939585519811677e-14,4.752893062684014e-14,3.142315555660758e-14
1300000,1.571500,0.736860,4.971040,0.533140,0.509000,0.552660,3.186540,2.132698,0.316131,2.947631,3.087426,2.843520,0.493168,2.343517902110080e-13,1.765198161750657e-13,9.468568298041532e-14,1.237906633775889e-13,1.462808755026776e-13,1.787877367254948e-13
1350000,1.651720,0.782960,5.249120,0.633240,0.615580,0.621240,3.256300,2.109584,0.314666,2.608363,2.683193,2.658747,0.507238,2.445655532873934e-13,3.101689364177395e-13,6.137453760013021e-13,3.596930589769224e-13,2.661117624527521e-13,3.063099138806603e-13
1400000,1.954400,0.793240,5.614240,0.625660,0.577620,0.642220,3.346700,2.463819,0.348115,3.123741,3.383539,3.043194,0.583978,7.454953463365141e-14,1.158218856917019e-13,7.692647631762291e-14,5.402140190844306e-14,9.572592418176109e-14,1.160379712993357e-13
1450000,1.633740,0.798960,5.785580,0.938540,0.666400,0.485360,3.298020,2.044833,0.282381,1.740725,2.451591,3.366038,0.495370,8.103424807389845e-14,3.962663779437891e-14,1.914545421526172e-14,4.778942835127344e-14,4.734418522998829e-14,3.873615155180860e-14
1500000,1.628120,0.825600,6.229620,0.650960,0.866380,0.502240,3.514800,1.972045,0.261351,2.501106,1.879222,3.241717,0.463218,4.183639137923742e-15,2.459979813099161e-14,3.012220179305095e-14,6.861168186194938e-15,1.506110089652547e-14,2.593856265512720e-14
1550000,1.698900,0.922880,6.835820,0.859620,0.892160,0.608160,3.750000,1.840868,0.248529,1.976338,1.904255,2.793508,0.453040,3.122171674420268e-14,4.189243006184157e-14,1.679649318517233e-14,9.287472702389404e-15,4.070679524877058e-14,4.169482425966307e-14
1600000,1.812800,0.950200,6.974780,1.079060,0.845840,0.901520,3.890860,1.907809,0.259908,1.679981,2.143195,2.010826,0.465912,6.097966446008875e-16,5.488169801407988e-15,3.048983223004438e-15,1.931022707902811e-14,2.032655482002958e-16,5.488169801407988e-15
1650000,1.884440,1.038580,7.928240,0.987440,0.748600,0.624920,3.808520,1.814439,0.237687,1.908410,2.517286,3.015490,0.494796,3.080268460944025e-14,1.796823268884015e-15,1.629975393916213e-13,1.796823268884015e-14,1.488796422789612e-14,3.850335576180031e-15
1700000,1.917060,1.023080,7.356820,0.904760,0.878960,0.706240,3.755160,1.873812,0.260583,2.118860,2.181055,2.714460,0.510514,3.962288379186806e-13,1.197527319470252e-13,2.644204618159146e-13,2.238905343209004e-14,1.753235107220589e-13,1.271009340990958e-13
1750000,2.808200,1.070500,8.588080,0.867820,0.896700,0.829060,3.641520,2.623260,0.326988,3.235925,3.131705,3.387210,0.771161,3.773812429774018e-14,7.928177373474829e-15,8.562431563352815e-15,3.488398044328924e-15,1.173370251274275e-14,7.928177373474829e-15
1800000,2.468300,1.366620,7.720360,0.902360,0.923440,0.823960,4.011580,1.806135,0.319713,2.735383,2.672940,2.995655,0.615294,5.039982295014082e-14,2.614727656811817e-14,9.454703628616643e-14,4.547352446629247e-15,4.244195616853964e-14,2.595780354950862e-14
1850000,2.045740,1.240360,8.869820,1.123780,1.037200,0.974500,3.728960,1.649311,0.230641,1.820410,1.972368,2.099271,0.548609,5.684966190154794e-13,3.111193715640984e-13,3.301301909781208e-13,4.588188147038114e-13,3.674206444440880e-13,3.081946301157872e-13
1900000,2.250520,1.381240,10.245180,1.231700,0.985780,0.863900,3.507360,1.629348,0.219666,1.827166,2.282984,2.605070,0.641656,3.236727982482696e-14,2.709818776032024e-14,3.669546259210033e-14,4.685728300222042e-14,1.712454920964682e-14,2.691000590087357e-14
1950000,2.249140,1.418880,8.316960,1.064260,1.076260,0.858160,3.138980,1.585152,0.270428,2.113337,2.089774,2.620887,0.716519,7.278115645345556e-13,9.197333668527992e-13,2.678152042146977e-12,1.350260653134265e-12,3.439679598980684e-13,9.301075183294610e-13
2000000,2.156180,1.354980,10.355100,1.115180,1.401920,1.103360,3.660900,1.591300,0.208224,1.933482,1.538019,1.954194,0.588975,6.549644987203330e-14,5.526942946012112e-14,6.440846897714903e-14,5.744539124988968e-14,6.919558491463983e-14,5.505183328114427e-14
2250000,2.730240,1.744880,11.252760,1.526100,1.168680,1.207540,4.559140,1.564715,0.242628,1.789031,2.336174,2.260993,0.598850,3.465655258897052e-14,6.009806807335929e-15,1.682745906054060e-14,7.011441275225251e-15,1.602615148622914e-14,5.809479913758065e-15
2500000,2.968160,1.759480,14.572520,1.795440,1.762700,1.707160,6.609720,1.686953,0.203682,1.653166,1.683871,1.738654,0.449060,9.638326154952693e-15,7.529942308556792e-16,3.087276346508284e-14,2.409581538738173e-15,1.551168115562699e-14,0.000000000000000e+00
2750000,3.181700,1.899900,-47.795820,1.740880,1.733360,1.656280,8.146700,1.674667,-0.066569,1.827639,1.835568,1.920992,0.390551,1.571967325754751e-14,2.233191677064290e-14,7.610318005638083e-15,2.545089955983883e-14,3.842586796289393e-14,2.208239814750722e-14
3000000,3.216980,2.135200,16.645240,2.198760,2.045680,1.958280,9.943360,1.506641,0.193267,1.463088,1.572572,1.642758,0.323530,5.683986172969386e-13,9.798327298172903e-13,7.744275235666044e-13,1.203741036631044e-12,8.380449255025456e-13,9.814959298679033e-13
3250000,3.573180,2.364760,18.852220,2.260520,1.882820,1.801340,10.557500,1.511012,0.189536,1.580689,1.897781,1.983623,0.338449,6.611163836157460e-14,4.969175432405934e-15,6.978450715943985e-14,9.722299759055088e-15,2.117300836416441e-14,4.537073220892374e-15
3500000,3.843960,3.570620,20.535980,2.186720,2.411540,2.484000,10.775020,1.076553,0.187182,1.757866,1.593986,1.547488,0.356747,4.444481523942177e-13,2.114123343030248e-13,5.132077195479608e-13,5.306309582837509e-13,1.535422913591504e-13,2.114123343030248e-13
3750000,3.971800,2.601180,22.520080,3.528280,3.004060,2.854160,10.276740,1.526922,0.176367,1.125704,1.322144,1.391583,0.386484,5.650969284627497e-14,5.878017157670567e-14,1.009101657969196e-13,9.359417877664293e-14,6.281657820858245e-14,6.004154864916716e-14
4000000,4.347300,3.168560,25.116300,2.656100,2.609000,2.650620,9.873480,1.372011,0.173087,1.636723,1.666271,1.640107,0.440301,5.462139765746108e-15,7.064367430364966e-14,6.554567718895329e-15,2.803898413083002e-14,7.956516925436830e-14,7.046160297812479e-14
4250000,5.324900,3.309560,31.480940,3.431540,3.468240,3.303640,9.600600,1.608945,0.169147,1.551752,1.535332,1.611828,0.554642,6.399818753849018e-15,3.872710835662483e-14,3.462466043749084e-14,3.396826877042941e-14,4.496282919370849e-14,3.856301043985947e-14
4500000,4.995180,3.600600,38.824480,3.529180,2.867020,3.283600,11.060200,1.387319,0.128661,1.415394,1.742290,1.521251,0.451636,1.591011281415311e-13,1.441224618054218e-13,1.567095763735809e-13,8.962025572529286e-14,1.500384056524566e-13,1.438707195140586e-13
4750000,5.933060,3.330580,34.319280,3.188300,3.379380,3.819780,12.361160,1.781389,0.172878,1.860885,1.755665,1.553247,0.479976,5.550710332214049e-14,3.568313784994746e-14,1.105968600027611e-14,1.398111249091509e-14,3.192701807626878e-14,3.568313784994746e-14
5000000,5.264900,3.614940,42.737560,4.376840,4.183640,4.504620,17.314720,1.456428,0.123191,1.202900,1.258450,1.168778,0.304071,8.560554173401597e-15,5.525448602831940e-14,3.346398449602442e-14,1.144001330445486e-13,9.976936773000770e-14,5.525448602831940e-14
5250000,6.039460,4.668100,41.968000,4.725560,4.109240,3.606600,14.685360,1.293773,0.143906,1.278041,1.469727,1.674558,0.411257,1.063860750227562e-14,1.906083844157715e-14,5.998992563783197e-14,1.773101250379270e-15,2.511893438037299e-15,1.920859687910876e-14
5500000,6.323300,3.897360,-11.794040,4.171380,4.299360,4.019360,16.330460,1.622457,-0.536144,1.515877,1.470754,1.573211,0.387209,4.989489633170118e-15,3.855514716540545e-15,6.032746556469324e-14,1.689622625778063e-14,4.161687944030530e-14,4.422502174855332e-15
5750000,7.035220,4.204800,43.728720,4.007960,4.299860,4.338980,14.963040,1.673140,0.160883,1.755312,1.636151,1.621399,0.470173,3.506558489004020e-13,1.593890222274555e-13,2.550224355639287e-13,1.181930903286670e-13,2.221637755970379e-13,1.581629528257058e-13
6000000,6.458140,4.555760,45.119260,4.513760,5.653380,5.228940,19.282400,1.417577,0.143135,1.430767,1.142350,1.235076,0.334924,7.265275424241181e-14,2.240692420560364e-14,2.682040927640436e-14,3.802387137920618e-14,1.408920234140229e-14,2.240692420560364e-14
6250000,6.658680,4.718560,49.710100,4.653940,5.335280,3.828040,16.763880,1.411168,0.133950,1.430762,1.248047,1.739449,0.397204,2.161776435278100e-13,3.175898602745790e-14,1.670955742126478e-13,5.503687919531056e-14,2.575004151203546e-13,3.320257630143326e-14
6500000,6.959620,5.142500,54.776840,5.151860,4.851020,5.136980,15.587860,1.353353,0.127054,1.350895,1.434671,1.354808,0.446477,4.392249803915384e-14,6.064612699966848e-15,1.782628581505407e-14,9.188807121161891e-15,1.139412083024075e-14,5.697060415120373e-15
6750000,7.866580,5.664980,51.699520,5.922900,5.931600,5.264780,14.580220,1.388633,0.152160,1.328164,1.326216,1.494190,0.539538,2.273647142912221e-14,6.922443533330957e-14,2.436050510263093e-14,9.114888992567742e-14,7.815662053760758e-14,6.881842691493239e-14
7000000,7.303660,4.875900,51.380320,5.808440,6.256240,5.727460,15.284800,1.497910,0.142149,1.257422,1.167420,1.275201,0.477838,3.338722589267473e-14,5.275691419682190e-14,7.403808489940465e-14,4.562071324266241e-14,5.543298955463171e-14,5.262948203692620e-14
7250000,7.752060,5.811540,-3.298820,5.764740,5.744600,5.891140,14.548640,1.333908,-2.349949,1.344737,1.349452,1.315885,0.532837,7.881999012495379e-14,1.063930608753793e-13,8.327624398360842e-14,1.523481787927552e-13,1.129381837302783e-13,1.065323188084623e-13
7500000,8.130160,5.271780,59.096600,6.762740,6.370580,5.664260,14.989240,1.542204,0.137574,1.202199,1.276204,1.435344,0.542400,3.939090005477223e-14,2.137298047135906e-14,7.729066193712405e-14,7.343855499170468e-14,7.082906318996898e-15,2.137298047135906e-14
7750000,8.660400,5.800140,59.442040,5.077580,5.409800,4.722620,13.377360,1.493136,0.145695,1.705616,1.600872,1.833813,0.647392,1.251563338985566e-13,3.990999178863063e-14,2.849713448767134e-13,7.281823063188746e-14,2.259815763119392e-13,3.885972884682455e-14
8000000,9.080040,5.894060,66.967160,6.101240,6.229480,6.104100,15.833840,1.540541,0.135589,1.488229,1.457592,1.487531,0.573458,3.999035120052034e-13,5.539315413575260e-13,5.053857422231365e-13,8.200344403164025e-13,4.088934748078681e-13,5.545308722110370e-13
8250000,9.035180,6.063500,66.515880,5.772500,6.283880,8.754260,12.497800,1.490093,0.135835,1.565211,1.437835,1.032090,0.722942,3.097266949654135e-14,1.120809550846065e-13,1.588741967700286e-13,5.158397833416778e-14,1.047277313911830e-13,1.117467176439963e-13
8500000,9.039600,7.711920,65.224380,7.675780,7.215760,-53.392060,14.563480,1.172159,0.138592,1.177678,1.252758,-0.169306,0.620703,1.544550573698887e-14,8.039583755407024e-14,6.679851199073817e-14,6.231007442614312e-14,3.683159060358883e-14,8.013181181497642e-14
8750000,10.041180,6.501060,64.307400,6.776940,8.035960,7.984560,16.049920,1.544545,0.156143,1.481669,1.249531,1.257575,0.625622,1.203498169074823e-14,7.054989266990343e-14,4.039327188159177e-14,1.812163909756343e-14,8.327653997506248e-14,7.041155954702126e-14
9000000,10.236840,7.346940,70.967060,8.278440,7.421020,9.112020,20.594160,1.393347,0.144248,1.236566,1.379438,1.123444,0.497075,1.690348523621911e-13,1.167458610672721e-14,3.650363543230196e-14,7.366499402554632e-14,3.058412698382057e-14,1.167458610672721e-14
9250000,9.879060,8.775380,75.026180,7.319300,8.088380,7.458400,21.865840,1.125770,0.131675,1.349727,1.221389,1.324555,0.451803,2.427345280112648e-14,1.074702490431554e-14,1.463818909380910e-14,4.261751255159612e-15,3.705870656660532e-16,1.056173137148252e-14
9500000,11.030720,7.136340,74.434360,7.331340,7.294440,8.076360,22.912860,1.545711,0.148194,1.504598,1.512209,1.365803,0.481420,5.695936640520220e-15,2.716523628555797e-14,1.314446917043128e-15,3.614729021868601e-14,1.708780992156066e-14,2.694616179938412e-14
9750000,10.363180,7.796760,16.429220,6.641980,7.145120,7.413160,24.649960,1.329165,0.630777,1.560255,1.450386,1.397944,0.420414,2.734945623630776e-13,2.360597188834293e-13,2.259302906477598e-13,2.281323402642097e-13,1.906974967845614e-13,2.369405387300093e-13
10000000,11.038400,7.620840,74.371340,6.614580,7.947660,8.022180,25.856760,1.448449,0.148423,1.668798,1.388887,1.375985,0.426906,7.953659139190159e-14,3.498217695792608e-14,2.279932926113590e-14,2.906479379091371e-14,3.741874649728412e-14,3.533025832069151e-14
