矩阵大小,逐列访问时间(ms),按行访问时间(ms),加速比
1,0.000003,0.000007,0.428571
2,0.000005,0.000011,0.454545
3,0.000010,0.000019,0.526316
4,0.000014,0.000013,1.076923
5,0.000023,0.000027,0.851852
6,0.000037,0.000025,1.480000
7,0.000036,0.000044,0.818182
8,0.000052,0.000037,1.405405
9,0.000058,0.000042,1.380952
10,0.000069,0.000061,1.131148
11,0.000078,0.000064,1.218750
12,0.000094,0.000068,1.382353
13,0.000142,0.000076,1.868421
14,0.000140,0.000083,1.686747
15,0.000157,0.000093,1.688172
16,0.000233,0.000100,2.330000
17,0.000257,0.000110,2.336364
18,0.000211,0.000118,1.788136
19,0.000217,0.000129,1.682171
20,0.000221,0.000146,1.513699
21,0.000240,0.000150,1.600000
22,0.000267,0.000166,1.608434
23,0.000292,0.000172,1.697674
24,0.000317,0.000189,1.677249
25,0.000342,0.000205,1.668293
26,0.000387,0.000215,1.800000
27,0.000395,0.000241,1.639004
28,0.000666,0.000245,2.718367
29,0.000720,0.000262,2.748092
30,0.000768,0.000277,2.772563
31,0.000764,0.000293,2.607509
32,0.000542,0.000322,1.683230
33,0.000587,0.000323,1.817337
34,0.000607,0.000346,1.754335
35,0.000632,0.000357,1.770308
36,0.000666,0.000374,1.780749
37,0.000720,0.000410,1.756098
38,0.000967,0.000420,2.302381
39,0.000788,0.000442,1.782805
40,0.000821,0.000461,1.780911
41,0.000860,0.000476,1.806723
42,0.000901,0.000495,1.820202
43,0.000973,0.000517,1.882012
44,0.001228,0.000782,1.570332
45,0.002376,0.001279,1.857701
46,0.002502,0.001358,1.842415
47,0.003497,0.001742,2.007463
48,0.003004,0.001437,2.090466
49,0.003359,0.001496,2.245321
50,0.002973,0.001626,1.828413
51,0.006116,0.001892,3.232558
52,0.003605,0.000912,3.952851
53,0.003248,0.001742,1.864524
54,0.003612,0.001939,1.862816
55,0.002732,0.001144,2.388112
56,0.003228,0.001976,1.633603
57,0.003468,0.001525,2.274098
58,0.003667,0.000783,4.683269
59,0.001481,0.000736,2.012228
60,0.001516,0.000760,1.994737
61,0.001554,0.000791,1.964602
62,0.001836,0.001406,1.305832
63,0.002450,0.000855,2.865497
64,0.002107,0.001816,1.160242
65,0.005554,0.002296,2.418990
66,0.004248,0.002760,1.539130
67,0.005790,0.003133,1.848069
68,0.005588,0.002891,1.932895
69,0.006599,0.003228,2.044300
70,0.005910,0.002205,2.680272
71,0.003243,0.003140,1.032803
72,0.005833,0.003283,1.776729
73,0.006641,0.001190,5.580672
74,0.003430,0.003524,0.973326
75,0.007904,0.003074,2.571243
76,0.003345,0.001268,2.638013
77,0.003312,0.001344,2.464286
78,0.003013,0.001396,2.158309
79,0.002993,0.001447,2.068417
80,0.003097,0.001494,2.072959
81,0.003562,0.001675,2.126567
82,0.003348,0.001610,2.079503
83,0.003331,0.002672,1.246632
84,0.005615,0.005053,1.111221
85,0.010128,0.002738,3.699050
86,0.004718,0.001722,2.739837
87,0.004133,0.001805,2.289751
88,0.004689,0.002414,1.942419
89,0.004637,0.002007,2.310414
90,0.004431,0.002012,2.202286
91,0.004007,0.001972,2.031947
92,0.004131,0.001994,2.071715
93,0.004398,0.002216,1.984657
94,0.004828,0.003373,1.431367
95,0.010571,0.003943,2.680954
96,0.006657,0.002249,2.959982
97,0.005995,0.003480,1.722701
98,0.008701,0.002497,3.484581
99,0.005230,0.002312,2.262111
100,0.005372,0.002363,2.273381
101,0.005990,0.002470,2.425101
102,0.005490,0.002500,2.196000
103,0.005590,0.002550,2.192157
104,0.005750,0.002600,2.211538
105,0.005840,0.002640,2.212121
106,0.005990,0.002690,2.226766
107,0.006070,0.002780,2.183453
108,0.006420,0.002800,2.292857
109,0.006140,0.002940,2.088435
110,0.006530,0.002940,2.221088
111,0.006630,0.002960,2.239865
112,0.006730,0.003050,2.206557
113,0.007210,0.003080,2.340909
114,0.006970,0.003190,2.184953
115,0.007050,0.003190,2.210031
116,0.007320,0.003510,2.085470
117,0.007220,0.003410,2.117302
118,0.007770,0.003600,2.158333
119,0.007810,0.003360,2.324405
120,0.007500,0.003800,1.973684
121,0.007660,0.003770,2.031830
122,0.008040,0.003840,2.093750
123,0.009610,0.004690,2.049041
124,0.011810,0.004470,2.642058
125,0.010230,0.004100,2.495122
126,0.009830,0.004480,2.194196
127,0.009430,0.004280,2.203271
128,0.008700,0.004010,2.169576
129,0.009040,0.004500,2.008889
130,0.009420,0.004650,2.025806
131,0.009290,0.004740,1.959916
132,0.009670,0.004600,2.102174
133,0.009300,0.004520,2.057522
134,0.009490,0.004910,1.932790
135,0.009800,0.005750,1.704348
136,0.009660,0.004990,1.935872
137,0.009830,0.005080,1.935039
138,0.010100,0.005180,1.949807
139,0.010020,0.005290,1.894140
140,0.010530,0.005300,1.986792
141,0.010510,0.005090,2.064833
142,0.010680,0.005290,2.018904
143,0.010900,0.005280,2.064394
144,0.011150,0.005410,2.060998
145,0.011130,0.005610,1.983957
146,0.013740,0.005780,2.377163
147,0.013040,0.005970,2.184255
148,0.012260,0.005940,2.063973
149,0.012370,0.006010,2.058236
150,0.013240,0.005900,2.244068
151,0.012480,0.005810,2.148021
152,0.012570,0.006190,2.030695
153,0.012850,0.006080,2.113487
154,0.013000,0.006350,2.047244
155,0.013380,0.006090,2.197044
156,0.013550,0.006230,2.174960
157,0.013070,0.006580,1.986322
158,0.013960,0.006380,2.188088
159,0.013770,0.006440,2.138199
160,0.013620,0.006530,2.085758
161,0.014300,0.006790,2.106038
162,0.014420,0.006980,2.065903
163,0.014730,0.006670,2.208396
164,0.014870,0.006820,2.180352
165,0.014960,0.006910,2.164978
166,0.015540,0.007080,2.194915
167,0.015580,0.007010,2.222539
168,0.015710,0.007110,2.209564
169,0.015930,0.007120,2.237360
170,0.016420,0.007520,2.183511
171,0.016340,0.007530,2.169987
172,0.016920,0.007590,2.229249
173,0.016710,0.007450,2.242953
174,0.017320,0.007690,2.252276
175,0.017430,0.007850,2.220382
176,0.017290,0.007710,2.242542
177,0.017780,0.007860,2.262087
178,0.018080,0.007950,2.274214
179,0.018010,0.008110,2.220715
180,0.018100,0.008260,2.191283
181,0.018320,0.008360,2.191388
182,0.019190,0.009600,1.998958
183,0.020670,0.008610,2.400697
184,0.020840,0.008790,2.370876
185,0.020630,0.008420,2.450119
186,0.019700,0.008580,2.296037
187,0.033520,0.009550,3.509948
188,0.022490,0.009230,2.436620
189,0.020790,0.009070,2.292172
190,0.025990,0.009030,2.878184
191,0.026280,0.009210,2.853420
192,0.020940,0.011610,1.803618
193,0.020850,0.009760,2.136270
194,0.021760,0.009730,2.236382
195,0.021660,0.009440,2.294492
196,0.022500,0.009530,2.360965
197,0.022170,0.009560,2.319038
198,0.022610,0.009710,2.328527
199,0.023080,0.009650,2.391710
200,0.022840,0.009760,2.340164
201,0.025370,0.010420,2.434741
202,0.024300,0.011190,2.171582
203,0.032800,0.010700,3.065421
204,0.034060,0.010220,3.332681
205,0.029840,0.010160,2.937008
206,0.025380,0.010610,2.392083
207,0.033830,0.011200,3.020536
208,0.026080,0.010510,2.481446
209,0.025450,0.010450,2.435407
210,0.026360,0.010650,2.475117
211,0.028470,0.011360,2.506162
212,0.029480,0.011830,2.491970
213,0.028530,0.011420,2.498249
214,0.028370,0.011120,2.551259
215,0.030810,0.011000,2.800909
216,0.028790,0.011370,2.532102
217,0.028910,0.011350,2.547137
218,0.029730,0.011400,2.607895
219,0.032770,0.012380,2.647011
220,0.034850,0.013850,2.516245
221,0.031820,0.012980,2.451464
222,0.035730,0.013890,2.572354
223,0.038800,0.013280,2.921687
224,0.033360,0.013090,2.548510
225,0.031560,0.012560,2.512739
226,0.036330,0.013910,2.611790
227,0.037840,0.013530,2.796748
228,0.035830,0.013410,2.671887
229,0.042140,0.014900,2.828188
230,0.037940,0.014430,2.629245
231,0.037010,0.012760,2.900470
232,0.036760,0.015560,2.362468
233,0.037380,0.014160,2.639831
234,0.038820,0.013660,2.841874
235,0.039060,0.013500,2.893333
236,0.039960,0.013560,2.946903
237,0.040050,0.013400,2.988806
238,0.042740,0.014320,2.984637
239,0.041970,0.014310,2.932914
240,0.041400,0.014150,2.925795
241,0.049070,0.015020,3.266977
242,0.044590,0.015120,2.949074
243,0.047020,0.017950,2.619499
244,0.045620,0.014910,3.059691
245,0.043310,0.014720,2.942255
246,0.043150,0.015710,2.746658
247,0.044860,0.021130,2.123048
248,0.076060,0.029760,2.555780
249,0.072970,0.031080,2.347812
250,0.091290,0.033060,2.761343
251,0.059010,0.016080,3.669776
252,0.044200,0.016270,2.716656
253,0.044220,0.019160,2.307933
254,0.058210,0.016990,3.426133
255,0.058310,0.022140,2.633695
256,0.049380,0.017140,2.880980
257,0.045840,0.017220,2.662021
258,0.046440,0.018900,2.457143
259,0.046480,0.017640,2.634921
260,0.050700,0.016740,3.028674
261,0.059990,0.021890,2.740521
262,0.056600,0.018410,3.074416
263,0.048370,0.018160,2.663546
264,0.051680,0.018430,2.804124
265,0.049700,0.018420,2.698154
266,0.053210,0.021540,2.470288
267,0.054120,0.018880,2.866525
268,0.052460,0.023530,2.229494
269,0.056340,0.025300,2.226877
270,0.056740,0.019160,2.961378
271,0.061530,0.018590,3.309844
272,0.063410,0.028000,2.264643
273,0.069930,0.019250,3.632727
274,0.057430,0.018480,3.107684
275,0.057680,0.019530,2.953405
276,0.058310,0.018750,3.109867
277,0.058880,0.019090,3.084337
278,0.058650,0.019890,2.948718
279,0.057930,0.020440,2.834149
280,0.055120,0.021190,2.601227
281,0.063360,0.020220,3.133531
282,0.056370,0.021320,2.643996
283,0.061170,0.021280,2.874530
284,0.061190,0.020650,2.963196
285,0.095490,0.039530,2.415634
286,0.123370,0.022960,5.373258
287,0.080050,0.021000,3.811905
288,0.090610,0.027410,3.305728
289,0.064420,0.021540,2.990715
290,0.063310,0.021850,2.897483
291,0.063920,0.021250,3.008000
292,0.066290,0.032050,2.068331
293,0.063460,0.023250,2.729462
294,0.061920,0.022180,2.791704
295,0.067880,0.024660,2.752636
296,0.064370,0.022430,2.869817
297,0.063660,0.023030,2.764221
298,0.069310,0.024320,2.849918
299,0.079020,0.022110,3.573948
300,0.070840,0.022390,3.163912
301,0.073540,0.025680,2.863707
302,0.081930,0.023170,3.536038
303,0.082140,0.022470,3.655541
304,0.073400,0.022870,3.209445
305,0.072720,0.024700,2.944130
306,0.073200,0.023490,3.116220
307,0.074920,0.023560,3.179966
308,0.068990,0.023980,2.876981
309,0.072020,0.031650,2.275513
310,0.077380,0.026030,2.972724
311,0.072620,0.024330,2.984792
312,0.070200,0.024570,2.857143
313,0.071270,0.024170,2.948697
314,0.072660,0.025030,2.902917
315,0.080160,0.024560,3.263844
316,0.092760,0.024690,3.756987
317,0.095190,0.034450,2.763135
318,0.113150,0.025770,4.390764
319,0.113280,0.035600,3.182022
320,0.101620,0.037200,2.731720
321,0.113870,0.039160,2.907814
322,0.167750,0.055620,3.016001
323,0.147670,0.027700,5.331047
324,0.088100,0.041730,2.111191
325,0.109150,0.026700,4.088015
326,0.085570,0.027090,3.158730
327,0.085690,0.027970,3.063640
328,0.086570,0.026250,3.297905
329,0.091900,0.027270,3.370004
330,0.104970,0.043460,2.415324
331,0.157690,0.037670,4.186090
332,0.096770,0.027630,3.502353
333,0.082660,0.027890,2.963786
334,0.095360,0.028360,3.362482
335,0.097430,0.027750,3.510991
336,0.088700,0.027710,3.201010
337,0.111070,0.043900,2.530068
338,0.149630,0.035540,4.210186
339,0.135360,0.044790,3.022103
340,0.106020,0.052260,2.028703
341,0.136570,0.054100,2.524399
342,0.160830,0.055230,2.912004
343,0.134810,0.034680,3.887255
344,0.156330,0.042180,3.706259
345,0.091130,0.030150,3.022554
346,0.109750,0.034900,3.144699
347,0.151550,0.053650,2.824790
348,0.171310,0.057070,3.001752
349,0.173000,0.057100,3.029772
350,0.195470,0.029910,6.535272
351,0.156230,0.052470,2.977511
352,0.140250,0.044740,3.134779
353,0.102230,0.037490,2.726860
354,0.108050,0.045890,2.354543
355,0.092190,0.035800,2.575140
356,0.097280,0.040130,2.424122
357,0.104190,0.048670,2.140744
358,0.126980,0.034310,3.700962
359,0.096530,0.042380,2.277725
360,0.100290,0.038290,2.619222
361,0.134330,0.058560,2.293887
362,0.183010,0.050060,3.655813
363,0.146320,0.040380,3.623576
364,0.104890,0.033480,3.132915
365,0.100720,0.033440,3.011962
366,0.134820,0.038270,3.522864
367,0.160430,0.047640,3.367548
368,0.148870,0.037880,3.930042
369,0.100170,0.033760,2.967121
370,0.099310,0.034450,2.882729
371,0.103880,0.038220,2.717949
372,0.140560,0.044410,3.165053
373,0.154090,0.054270,2.839322
374,0.151320,0.052720,2.870258
375,0.121210,0.056850,2.132102
376,0.124500,0.044580,2.792732
377,0.108120,0.041760,2.589080
378,0.161460,0.036620,4.409066
379,0.161330,0.048220,3.345707
380,0.157040,0.055690,2.819896
381,0.161120,0.056680,2.842625
382,0.168450,0.036980,4.555165
383,0.149310,0.037330,3.999732
384,0.115120,0.038410,2.997136
385,0.168110,0.051560,3.260473
386,0.110450,0.040480,2.728508
387,0.139360,0.057640,2.417765
388,0.254770,0.048170,5.288977
389,0.131940,0.037450,3.523097
390,0.131600,0.038870,3.385644
391,0.150240,0.043000,3.493953
392,0.141670,0.038230,3.705728
393,0.143350,0.037970,3.775349
394,0.135090,0.038720,3.488895
395,0.167000,0.038750,4.309677
396,0.138380,0.042770,3.235445
397,0.159500,0.071890,2.218667
398,0.253990,0.039120,6.492587
399,0.254190,0.073360,3.464967
400,0.252940,0.061330,4.124246
401,0.202120,0.049740,4.063530
402,0.162220,0.055530,2.921304
403,0.141700,0.041100,3.447689
404,0.122710,0.040850,3.003917
405,0.123390,0.042960,2.872207
406,0.156600,0.069180,2.263660
407,0.137750,0.042550,3.237368
408,0.129450,0.042580,3.040160
409,0.155120,0.042410,3.657628
410,0.134870,0.052490,2.569442
411,0.177990,0.048710,3.654075
412,0.148990,0.066210,2.250264
413,0.197830,0.068450,2.890139
414,0.224810,0.055540,4.047713
415,0.304800,0.047380,6.433094
416,0.163820,0.055590,2.946933
417,0.173350,0.045180,3.836875
418,0.168710,0.074610,2.261225
419,0.158450,0.059460,2.664817
420,0.237830,0.078320,3.036645
421,0.256160,0.068470,3.741201
422,0.260230,0.069730,3.731966
423,0.186790,0.046060,4.055363
424,0.212950,0.050180,4.243723
425,0.218420,0.075950,2.875839
426,0.237680,0.079990,2.971371
427,0.283490,0.066940,4.234987
428,0.225260,0.073550,3.062678
429,0.168870,0.048290,3.496997
430,0.240820,0.065070,3.700937
431,0.395900,0.066110,5.988504
432,0.199520,0.057020,3.499123
433,0.175890,0.070610,2.491007
434,0.188440,0.050640,3.721169
435,0.220620,0.059090,3.733627
436,0.212170,0.056810,3.734730
437,0.313080,0.176380,1.775031
438,0.280810,0.054700,5.133638
439,0.240040,0.057510,4.173883
440,0.213070,0.055640,3.829439
441,0.212350,0.057110,3.718263
442,0.204140,0.063350,3.222415
443,0.214980,0.051760,4.153400
444,0.209210,0.070870,2.952025
445,0.208320,0.052780,3.946950
446,0.252800,0.057780,4.375216
447,0.264990,0.053470,4.955863
448,0.199410,0.056760,3.513214
449,0.207570,0.054120,3.835366
450,0.218140,0.055980,3.896749
451,0.217440,0.058550,3.713749
452,0.203280,0.055590,3.656773
453,0.210900,0.060370,3.493457
454,0.220100,0.061680,3.568418
455,0.207470,0.069200,2.998121
456,0.198890,0.061670,3.225069
457,0.290200,0.055830,5.197922
458,0.281890,0.055610,5.069052
459,0.216600,0.054660,3.962678
460,0.223210,0.055180,4.045125
461,0.237580,0.059530,3.990929
462,0.282050,0.059420,4.746718
463,0.264550,0.056760,4.660853
464,0.216600,0.073990,2.927423
465,0.193370,0.060020,3.221759
466,0.179480,0.058200,3.083849
467,0.197740,0.057000,3.469123
468,0.255030,0.086360,2.953103
469,0.290550,0.127280,2.282762
470,0.256070,0.060400,4.239570
471,0.247630,0.061340,4.037007
472,0.278120,0.063740,4.363351
473,0.224650,0.083170,2.701094
474,0.189120,0.067240,2.812612
475,0.202270,0.068040,2.972810
476,0.226320,0.059020,3.834632
477,0.250940,0.088390,2.839009
478,0.304890,0.070800,4.306356
479,0.320490,0.062080,5.162532
480,0.245170,0.062030,3.952442
481,0.243760,0.075900,3.211594
482,0.229680,0.061950,3.707506
483,0.186990,0.058940,3.172548
484,0.186840,0.059390,3.145984
485,0.210860,0.074610,2.826163
486,0.367760,0.099800,3.684970
487,0.346080,0.064020,5.405811
488,0.251790,0.112380,2.240523
489,0.343000,0.094410,3.633090
490,0.319110,0.059840,5.332721
491,0.223320,0.110060,2.029075
492,0.353930,0.105030,3.369799
493,0.306300,0.072550,4.221916
494,0.325200,0.062130,5.234186
495,0.307070,0.062830,4.887315
496,0.232760,0.086210,2.699919
497,0.203410,0.065960,3.083839
498,0.207090,0.069650,2.973295
499,0.220690,0.063170,3.493589
500,0.299860,0.102350,2.929751
501,0.365940,0.132680,2.758065
502,0.369180,0.083160,4.439394
503,0.256720,0.073680,3.484256
504,0.230040,0.079300,2.900883
505,0.229260,0.074260,3.087261
506,0.221280,0.090260,2.451584
507,0.222100,0.072820,3.049986
508,0.231500,0.084400,2.742891
509,0.231060,0.069720,3.314114
510,0.809240,0.072900,11.100686
511,0.771660,0.079980,9.648162
512,0.322260,0.080900,3.983436
513,0.394680,0.117680,3.353841
514,0.461560,0.070300,6.565576
515,0.292300,0.069000,4.236232
516,0.300820,0.100320,2.998604
517,0.494740,0.104860,4.718100
518,0.311960,0.086900,3.589873
519,0.270720,0.083900,3.226698
520,0.236360,0.076600,3.085640
521,0.271520,0.076660,3.541873
522,0.286900,0.076980,3.726942
523,0.336440,0.082680,4.069182
524,0.320700,0.081560,3.932075
525,0.263100,0.076780,3.426674
526,0.385140,0.096720,3.982010
527,0.397360,0.079040,5.027328
528,0.263820,0.086140,3.062689
529,0.310280,0.082180,3.775615
530,0.293120,0.083100,3.527316
531,0.288080,0.084360,3.414889
532,0.320900,0.080600,3.981390
533,0.296920,0.081360,3.649459
534,0.296720,0.088580,3.349740
535,0.313800,0.089200,3.517937
536,0.350180,0.084480,4.145123
537,0.354800,0.089120,3.981149
538,0.344020,0.153120,2.246735
539,0.993940,0.364080,2.730004
540,0.852600,0.113660,7.501320
541,0.340240,0.080400,4.231841
542,0.406740,0.078720,5.166921
543,0.438280,0.095000,4.613474
544,0.602440,0.082940,7.263564
545,0.389740,0.133880,2.911114
546,0.538100,0.098500,5.462944
547,0.345060,0.093320,3.697600
548,0.329860,0.099380,3.319179
549,0.366120,0.131580,2.782490
550,0.665080,0.087080,7.637575
551,0.373280,0.096760,3.857792
552,0.326600,0.096300,3.391485
553,0.337180,0.095400,3.534382
554,0.350360,0.102060,3.432883
555,0.389820,0.082980,4.697758
556,0.389660,0.092080,4.231755
557,0.464420,0.120380,3.857950
558,0.540720,0.170540,3.170634
559,0.578860,0.097460,5.939462
560,0.497600,0.111280,4.471603
561,0.387520,0.086740,4.467604
562,0.390360,0.087880,4.441966
563,0.412180,0.101680,4.053698
564,0.396820,0.149080,2.661792
565,0.825380,0.154880,5.329158
566,0.640920,0.088360,7.253508
567,0.401620,0.086040,4.667829
568,0.429000,0.107060,4.007099
569,0.403960,0.090400,4.468584
570,0.416240,0.092840,4.483412
571,0.508600,0.092900,5.474704
572,0.392620,0.094120,4.171483
573,0.418760,0.146480,2.858820
574,0.726000,0.151980,4.776944
575,0.697440,0.079100,8.817193
576,0.417740,0.153600,2.719661
577,0.523340,0.157420,3.324482
578,0.442780,0.102600,4.315595
579,0.373280,0.084460,4.419607
580,0.388660,0.091980,4.225484
581,0.410760,0.112480,3.651849
582,0.438840,0.093080,4.714654
583,0.412100,0.098960,4.164309
584,0.373200,0.098660,3.782688
585,0.398340,0.101120,3.939280
586,0.403600,0.102800,3.926070
587,0.421740,0.095440,4.418902
588,0.435560,0.106480,4.090533
589,0.436140,0.099940,4.364018
590,0.541640,0.127760,4.239512
591,0.505940,0.120020,4.215464
592,0.425320,0.105840,4.018519
593,0.422720,0.095720,4.416214
594,0.428240,0.111960,3.824937
595,0.642880,0.097660,6.582838
596,0.420040,0.110800,3.790975
597,0.422060,0.140700,2.999716
598,0.696560,0.131480,5.297840
599,0.683060,0.211140,3.235105
600,0.686220,0.094500,7.261587
601,0.426620,0.118260,3.607475
602,0.441740,0.115280,3.831888
603,0.575340,0.116960,4.919118
604,0.616760,0.137940,4.471219
605,0.628120,0.097220,6.460811
606,0.510340,0.116020,4.398724
607,0.708360,0.105980,6.683903
608,0.450680,0.099280,4.539484
609,0.526300,0.091880,5.728124
610,0.572880,0.116060,4.936068
611,0.692880,0.095620,7.246183
612,0.434520,0.094380,4.603942
613,0.429320,0.091920,4.670583
614,0.472880,0.090860,5.204490
615,0.479440,0.102160,4.693031
616,0.519200,0.097160,5.343763
617,0.584860,0.222300,2.630949
618,0.618000,0.108080,5.717987
619,0.444240,0.111600,3.980645
620,0.445620,0.106500,4.184225
621,0.719040,0.101380,7.092523
622,0.533480,0.132360,4.030523
623,0.596440,0.109960,5.424154
624,0.451820,0.106460,4.244035
625,0.449400,0.129400,3.472952
626,0.486000,0.109600,4.434307
627,0.478960,0.140660,3.405090
628,0.633260,0.186280,3.399506
629,0.664440,0.151460,4.386901
630,0.632300,0.135540,4.665044
631,0.496380,0.114920,4.319353
632,0.703580,0.153820,4.574048
633,0.519720,0.168760,3.079640
634,0.852620,0.119380,7.142067
635,0.487200,0.120320,4.049202
636,0.707540,0.215640,3.281117
637,0.748700,0.207020,3.616559
638,0.896980,0.219560,4.085353
639,0.990180,0.167540,5.910111
640,0.448660,0.110820,4.048547
641,0.619080,0.171320,3.613589
642,0.727980,0.191560,3.800271
643,0.645240,0.107420,6.006703
644,0.698960,0.183880,3.801175
645,0.757020,0.200300,3.779431
646,0.691920,0.111680,6.195559
647,0.510600,0.118020,4.326385
648,0.620420,0.183260,3.385463
649,0.750020,0.142500,5.263298
650,0.523960,0.122840,4.265386
651,0.511960,0.107560,4.759762
652,0.542700,0.111320,4.875135
653,0.578540,0.141700,4.082851
654,0.671380,0.163420,4.108310
655,0.867760,0.126860,6.840296
656,0.457440,0.125740,3.637983
657,0.616220,0.158120,3.897167
658,0.484560,0.131640,3.680948
659,0.809580,0.169280,4.782491
660,0.672240,0.141640,4.746117
661,0.498540,0.150680,3.308601
662,0.547980,0.157520,3.478796
663,0.540500,0.116960,4.621238
664,0.489380,0.111720,4.380415
665,0.674060,0.123560,5.455325
666,0.552240,0.129660,4.259139
667,0.514020,0.120260,4.274239
668,0.627320,0.130340,4.812951
669,0.710980,0.131860,5.391931
670,0.626180,0.122920,5.094208
671,0.642620,0.141560,4.539559
672,0.544640,0.137440,3.962747
673,0.600520,0.124320,4.830438
674,0.549280,0.135440,4.055523
675,0.562560,0.112100,5.018376
676,0.554580,0.130140,4.261411
677,0.704340,0.109460,6.434679
678,0.569300,0.130400,4.365798
679,0.586920,0.151820,3.865894
680,0.567720,0.124480,4.560733
681,0.669200,0.195600,3.421268
682,0.639240,-23.789820,-0.026870
683,0.880240,0.216600,4.063897
684,0.623600,0.120100,5.192340
685,0.522700,0.128900,4.055081
686,0.779180,0.191960,4.059075
687,0.666200,0.129300,5.152359
688,0.579420,0.133100,4.353268
689,0.547180,0.136980,3.994598
690,0.821360,0.230320,3.566169
691,0.555280,0.132780,4.181955
692,0.565460,0.133200,4.245195
693,0.578320,0.132720,4.357444
694,0.604300,0.133140,4.538831
695,0.599780,0.133560,4.490716
696,0.583640,0.134280,4.346440
697,0.608320,0.157740,3.856473
698,0.653160,0.134820,4.844682
699,0.576960,0.168660,3.420847
700,0.656980,0.160840,4.084680
701,0.753600,0.154120,4.889696
702,1.056940,0.161880,6.529157
703,0.694620,0.180740,3.843200
704,0.825120,0.240360,3.432851
705,0.855500,0.201080,4.254526
706,0.663980,0.240140,2.764970
707,0.783300,0.143320,5.465392
708,0.660220,0.125800,5.248172
709,0.611180,0.204460,2.989240
710,0.881960,0.147660,5.972911
711,0.584060,0.175060,3.336342
712,0.849580,0.292980,2.899788
713,0.641680,0.265760,2.414509
714,1.142740,0.268360,4.258235
715,1.096620,0.183840,5.965078
716,0.821060,0.135640,6.053229
717,0.695040,0.142800,4.867227
718,0.995360,0.217380,4.578894
719,0.932680,0.154500,6.036764
720,0.900200,0.268220,3.356200
721,1.092820,0.274180,3.985776
722,1.147140,0.234120,4.899795
723,0.799880,0.152860,5.232762
724,0.862480,0.173320,4.976229
725,0.830820,0.191180,4.345747
726,0.675900,0.144840,4.666529
727,0.604640,0.149880,4.034161
728,0.604660,0.125580,4.814939
729,0.921640,0.281980,3.268459
730,0.932700,0.178940,5.212362
731,0.791260,0.194040,4.077819
732,0.861680,0.163640,5.265705
733,0.707660,0.220440,3.210216
734,0.805160,0.218280,3.688657
735,0.766820,0.152680,5.022400
736,0.735960,0.167320,4.398518
737,0.753760,0.129000,5.843101
738,0.760700,0.146500,5.192491
739,0.665920,0.155260,4.289064
740,0.690700,0.152620,4.525619
741,0.652360,0.156640,4.164709
742,0.702860,0.170980,4.110773
743,0.821820,0.165300,4.971688
744,0.681660,0.156580,4.353430
745,0.693800,0.152800,4.540576
746,0.682440,0.155720,4.382481
747,0.815080,0.179000,4.553520
748,0.686760,0.286860,2.394060
749,0.785740,0.209980,3.741975
750,0.870280,0.246560,3.529689
751,1.220020,0.247660,4.926189
752,0.999580,0.258700,3.863858
753,1.013100,0.314440,3.221918
754,0.844300,0.152920,5.521188
755,0.873680,0.277360,3.149986
756,0.872880,0.157020,5.559037
757,0.653440,0.148540,4.399084
758,0.852460,0.145820,5.845974
759,0.849120,0.156820,5.414615
760,0.738000,0.162040,4.554431
761,0.890860,0.324140,2.748380
762,0.752300,0.226740,3.317897
763,0.903320,0.205460,4.396574
764,1.027080,0.280260,3.664740
765,1.124280,0.167740,6.702516
766,1.493460,0.213120,7.007601
767,1.725140,0.201480,8.562339
768,0.953580,0.260720,3.657487
769,0.917140,0.190640,4.810848
770,0.786420,0.165700,4.746047
771,0.835080,0.235680,3.543279
772,0.951860,0.145720,6.532116
773,0.766120,0.196220,3.904393
774,0.883560,0.273240,3.233641
775,0.971320,0.270120,3.595883
776,1.096520,0.261780,4.188708
777,1.071020,0.291760,3.670894
778,0.755000,0.228780,3.300114
779,0.901020,0.190340,4.733740
780,0.757500,0.150140,5.045291
781,0.848400,0.261740,3.241385
782,1.165780,0.286880,4.063650
783,1.071420,0.182300,5.877235
784,0.954200,0.275200,3.467297
785,0.963380,0.373040,2.582511
786,0.893220,0.185200,4.823002
787,0.879300,0.262060,3.355338
788,1.090060,0.170900,6.378350
789,0.763480,0.183400,4.162923
790,0.812800,0.152400,5.333333
791,0.852040,0.195080,4.367644
792,1.152900,0.284660,4.050095
793,0.842020,0.154480,5.450673
794,0.785540,0.222640,3.528297
795,0.974580,0.245400,3.971394
796,1.093240,0.299940,3.644862
797,1.013160,0.285400,3.549965
798,1.061420,0.183080,5.797575
799,0.850980,0.240440,3.539261
800,1.043580,0.217840,4.790580
801,1.158900,0.183620,6.311404
802,0.747660,0.172820,4.326235
803,0.774800,0.187420,4.134031
804,1.079380,0.165320,6.529035
805,0.780280,0.217960,3.579923
806,0.943720,0.172580,5.468305
807,0.816660,0.207020,3.944836
808,1.037100,0.190440,5.445810
809,0.934380,0.223000,4.190045
810,0.772840,0.183680,4.207535
811,1.129480,0.236740,4.770972
812,0.996760,0.174920,5.698376
813,1.225980,0.364620,3.362350
814,1.254840,0.217100,5.780009
815,1.033140,0.199700,5.173460
816,0.840100,0.226860,3.703165
817,1.391340,0.185500,7.500485
818,1.103480,0.357360,3.087867
819,1.338120,0.374060,3.577287
820,0.914700,0.226120,4.045197
821,1.218040,0.200260,6.082293
822,1.221900,0.175040,6.980690
823,1.202780,0.376140,3.197692
824,1.231680,0.171580,7.178459
825,1.111500,0.265060,4.193390
826,1.008580,0.177820,5.671915
827,0.846360,0.210260,4.025302
828,0.830020,0.210360,3.945712
829,1.094400,0.189560,5.773370
830,0.946680,0.234120,4.043567
831,1.195620,0.194440,6.149043
832,0.856220,0.202220,4.234101
833,0.872760,0.245700,3.552137
834,1.301580,0.232040,5.609292
835,0.991900,0.299760,3.308981
836,1.280060,0.294640,4.344488
837,0.805100,0.195320,4.121954
838,1.071240,0.340640,3.144786
839,1.426560,0.279840,5.097770
840,1.270240,0.224920,5.647519
841,0.990860,0.313720,3.158422
842,0.996540,0.211260,4.717126
843,1.089260,0.272160,4.002278
844,1.239520,0.203340,6.095800
845,1.270540,0.286500,4.434695
846,1.153200,0.257020,4.486810
847,1.142960,0.202140,5.654299
848,1.239720,0.281120,4.409932
849,1.387860,0.311700,4.452551
850,1.327600,0.196740,6.747992
851,0.817240,0.197460,4.138762
852,1.011100,0.348320,2.902791
853,1.115560,0.314700,3.544836
854,0.849360,0.220200,3.857221
855,0.866920,0.240640,3.602560
856,0.823620,0.212360,3.878414
857,0.878640,0.256360,3.427368
858,0.925480,0.227520,4.067686
859,0.921000,0.208980,4.407120
860,1.163140,0.377300,3.082799
861,1.675820,0.342420,4.894048
862,1.525260,0.389580,3.915139
863,1.137780,0.236620,4.808469
864,1.270600,0.275500,4.611978
865,1.296240,0.316500,4.095545
866,1.138460,0.224760,5.065225
867,1.001920,0.226540,4.422707
868,1.066120,0.206240,5.169317
869,0.933120,0.217300,4.294156
870,1.175580,0.313660,3.747944
871,0.970080,0.215080,4.510322
872,0.998980,0.258160,3.869616
873,1.020260,0.222800,4.579264
874,1.220220,0.273060,4.468688
875,1.094080,0.255400,4.283790
876,1.280980,0.196800,6.509045
877,1.282340,0.215660,5.946119
878,1.404080,0.395200,3.552834
879,1.620900,0.296320,5.470100
880,1.064900,0.308400,3.452983
881,1.016060,0.205340,4.948184
882,1.053360,0.214200,4.917647
883,1.004240,0.353660,2.839563
884,0.940120,0.217380,4.324777
885,1.227220,0.338120,3.629540
886,1.281640,0.212860,6.021047
887,0.997680,0.235040,4.244724
888,0.944560,0.224020,4.216409
889,0.968820,0.263160,3.681487
890,0.919280,0.260080,3.534605
891,1.376860,0.382800,3.596813
892,1.114780,0.224200,4.972257
893,1.105360,0.206740,5.346619
894,1.305520,0.225500,5.789446
895,1.483220,0.252980,5.862993
896,1.243040,0.266700,4.660817
897,1.239560,0.440720,2.812579
898,1.715520,0.236540,7.252558
899,1.491280,0.252240,5.912147
900,1.437360,0.266800,5.387406
901,1.529160,0.336740,4.541070
902,1.364400,0.249140,5.476439
903,1.201900,0.277780,4.326805
904,1.056180,0.275020,3.840375
905,1.236780,0.237540,5.206618
906,1.178740,0.237640,4.960192
907,1.368060,0.405740,3.371765
908,1.278480,0.228480,5.595588
909,1.112520,0.255120,4.360771
910,1.190580,0.283220,4.203729
911,2.615280,0.276060,9.473593
912,1.174360,0.320040,3.669416
913,1.993920,0.538500,3.702730
914,1.838840,0.514120,3.576675
915,1.299100,0.296560,4.380564
916,1.141320,0.305100,3.740806
917,1.473180,0.350700,4.200684
918,1.068380,0.232020,4.604689
919,1.111560,0.236640,4.697262
920,1.313940,0.235720,5.574156
921,1.587920,0.411340,3.860359
922,1.044520,0.229500,4.551285
923,0.999040,0.338680,2.949805
924,1.502800,0.304640,4.933036
925,1.128540,0.219580,5.139539
926,1.222220,0.226960,5.385178
927,1.614780,0.344300,4.690038
928,1.433380,0.266480,5.378940
929,1.259240,0.235100,5.356189
930,1.074840,0.279340,3.847784
931,1.473120,0.230640,6.387097
932,1.312620,0.314740,4.170490
933,1.433880,0.224800,6.378470
934,1.093840,0.280420,3.900720
935,1.155580,0.242480,4.765671
936,1.629980,0.424360,3.841031
937,1.425520,0.307080,4.642178
938,1.701860,0.347900,4.891808
939,1.262880,0.377960,3.341306
940,1.350720,0.277820,4.861853
941,1.592560,0.332580,4.788502
942,1.299720,0.244320,5.319745
943,1.357120,0.247960,5.473141
944,1.309120,0.286440,4.570311
945,1.112620,0.388400,2.864624
946,1.288100,0.255800,5.035575
947,1.128400,0.256300,4.402653
948,1.337300,0.245360,5.450359
949,1.123360,0.281320,3.993175
950,1.247960,0.256480,4.865721
951,1.028140,0.251500,4.088032
952,1.208440,0.240800,5.018439
953,1.144140,0.403000,2.839057
954,1.751400,0.331520,5.282939
955,1.320240,0.251800,5.243209
956,1.419500,0.546620,2.596868
957,1.429000,0.263240,5.428506
958,2.449860,0.628160,3.900057
959,1.624340,0.278460,5.833297
960,1.355100,0.270720,5.005541
961,1.309980,0.277580,4.719288
962,1.299600,0.292600,4.441558
963,1.335660,0.391000,3.416010
964,1.364100,0.240580,5.670047
965,1.133420,0.264540,4.284494
966,1.285280,0.274020,4.690461
967,1.410640,0.267160,5.280132
968,1.323760,0.311840,4.244997
969,1.191700,0.591240,2.015594
970,1.457560,0.450640,3.234422
971,1.145300,0.436480,2.623946
972,1.289140,0.383540,3.361162
973,1.571040,0.266500,5.895084
974,1.345880,0.463140,2.905990
975,1.586920,0.368720,4.303862
976,1.419860,0.466780,3.041818
977,1.576220,0.286920,5.493587
978,1.249340,0.371620,3.361875
979,1.390900,0.381480,3.646063
980,1.645800,0.304920,5.397481
981,1.313420,0.444740,2.953231
982,1.958180,0.294280,6.654139
983,1.744780,0.255840,6.819809
984,1.605640,0.571020,2.811880
985,1.534800,0.272820,5.625687
986,1.428880,0.389280,3.670571
987,1.453540,0.463160,3.138311
988,1.260060,0.289060,4.359164
989,1.353200,0.342480,3.951180
990,2.721340,0.296760,9.170171
991,2.133720,0.285080,7.484636
992,1.219960,0.264220,4.617213
993,1.599620,0.336060,4.759924
994,1.557920,0.277480,5.614531
995,1.406200,0.359680,3.909586
996,1.168060,0.346840,3.367720
997,1.550160,0.299380,5.177901
998,1.228560,0.275880,4.453241
999,1.322880,0.335240,3.946068
1000,2.015860,0.600300,3.358088
1001,2.021000,0.275750,7.329102
1002,1.261000,0.316650,3.982315
1003,1.701200,0.285000,5.969123
1004,1.159650,0.298700,3.882323
1005,2.548550,0.484200,5.263424
1006,1.865300,0.285700,6.528876
1007,1.539350,0.303250,5.076175
1008,1.218400,0.310400,3.925258
1009,1.482700,0.415100,3.571910
1010,1.643700,0.405650,4.052015
1011,1.693300,0.381150,4.442608
1012,1.714250,0.365300,4.692718
1013,2.444050,0.671400,3.640229
1014,3.480000,0.602050,5.780251
1015,1.531850,0.491800,3.114782
1016,2.674350,0.688600,3.883750
1017,1.935750,0.309600,6.252422
1018,2.024650,0.562650,3.598418
1019,2.269000,0.783400,2.896349
1020,2.693350,0.611450,4.404857
1021,1.631950,0.357500,4.564895
1022,9.311550,0.431350,21.586994
1023,6.966800,0.619000,11.254927
1024,2.094900,0.320500,6.536349
1025,1.288600,0.371700,3.466774
1026,1.778750,0.533200,3.335990
1027,1.512050,0.608850,2.483452
1028,1.418550,0.451700,3.140469
1029,1.479700,0.383350,3.859919
1030,2.317150,0.555500,4.171287
1031,2.293700,0.549600,4.173399
1032,2.070400,0.366550,5.648343
1033,1.249750,0.322000,3.881211
1034,1.357150,0.465850,2.913277
1035,1.646850,0.478300,3.443132
1036,1.247000,0.340450,3.662799
1037,1.876100,0.548200,3.422291
1038,1.770500,0.350250,5.054961
1039,1.501650,0.329850,4.552524
1040,1.376600,0.337400,4.080024
1041,1.576300,0.645300,2.442740
1042,2.012150,0.371950,5.409732
1043,1.865400,0.405150,4.604221
1044,2.278550,0.386850,5.890009
1045,2.261950,0.470050,4.812148
1046,1.522800,0.329850,4.616644
1047,1.709600,0.338600,5.049025
1048,1.663100,0.305750,5.439411
1049,1.719450,0.676200,2.542813
1050,1.839350,0.568400,3.236013
1051,1.708250,0.430000,3.972674
1052,1.324900,0.335650,3.947266
1053,1.388250,0.432200,3.212055
1054,2.205750,0.347400,6.349309
1055,3.544750,0.815800,4.345121
1056,2.231900,0.577600,3.864093
1057,1.839400,0.367350,5.007214
1058,2.690800,0.826000,3.257627
1059,2.833050,0.414300,6.838161
1060,1.942000,0.378500,5.130779
1061,1.702800,0.490400,3.472268
1062,2.266350,0.366850,6.177866
1063,1.342300,0.391700,3.426857
1064,2.590050,0.767650,3.373999
1065,3.331850,0.579250,5.752007
1066,1.708400,0.353900,4.827352
1067,1.572200,0.321000,4.897819
1068,1.458550,0.419250,3.478951
1069,1.458600,0.546250,2.670206
1070,2.363550,0.638800,3.699984
1071,1.821900,0.677700,2.688358
1072,2.390650,0.714750,3.344736
1073,3.558000,0.827950,4.297361
1074,1.597650,0.480500,3.324974
1075,1.707300,0.698700,2.443538
1076,2.827350,0.390400,7.242188
1077,1.983400,0.376250,5.271495
1078,1.756600,0.351250,5.000996
1079,1.653250,0.350250,4.720200
1080,1.415550,0.354250,3.995907
1081,1.411400,0.503100,2.805406
1082,2.649150,0.431300,6.142244
1083,1.935550,0.658400,2.939778
1084,2.594450,0.661050,3.924741
1085,2.043700,0.615650,3.319581
1086,2.679850,0.437100,6.130977
1087,2.756600,0.688350,4.004649
1088,1.511750,0.602100,2.510796
1089,1.551300,0.509600,3.044152
1090,1.880000,0.437950,4.292727
1091,2.215750,0.734550,3.016473
1092,2.437750,0.719550,3.387881
1093,2.355200,0.424100,5.553407
1094,2.404800,0.623400,3.857555
1095,3.183250,0.727550,4.375301
1096,2.307550,0.730450,3.159080
1097,2.269500,0.431700,5.257123
1098,1.608050,0.333350,4.823909
1099,1.932150,0.646500,2.988631
1100,3.267800,1.029400,3.174471
1101,2.469350,0.677550,3.644528
1102,2.478800,0.376700,6.580303
1103,2.669550,0.719950,3.707966
1104,2.904400,0.627000,4.632217
1105,1.771400,0.683750,2.590713
1106,1.969000,0.412950,4.768132
1107,2.065750,0.507550,4.070042
1108,2.881050,1.021350,2.820825
1109,2.806400,0.620000,4.526452
1110,1.788700,0.411500,4.346780
1111,1.850250,0.425000,4.353529
1112,2.048000,0.720400,2.842865
1113,3.414500,0.563950,6.054615
1114,2.589100,0.677900,3.819295
1115,2.871500,0.522250,5.498325
1116,2.117350,0.670150,3.159517
1117,3.182800,0.465050,6.843995
1118,3.457650,0.870500,3.972028
1119,2.378900,0.666800,3.567636
1120,3.029450,0.446300,6.787923
1121,1.903600,0.602050,3.161864
1122,2.861400,0.514100,5.565843
1123,2.291550,0.658850,3.478106
1124,1.776750,0.455500,3.900659
1125,1.736900,0.426700,4.070541
1126,1.512050,0.413650,3.655385
1127,2.138050,0.657100,3.253767
1128,1.650750,0.392650,4.204126
1129,1.702050,0.412900,4.122185
1130,1.538750,0.443150,3.472301
1131,1.911000,0.843400,2.265829
1132,2.647450,0.710750,3.724868
1133,3.117000,0.814300,3.827828
1134,2.908600,0.890300,3.266989
1135,2.083150,0.399700,5.211784
1136,1.959300,0.470000,4.168723
1137,2.122650,0.460750,4.606945
1138,2.682750,0.675150,3.973561
1139,2.514000,0.635550,3.955629
1140,1.879050,0.460400,4.081342
1141,1.972400,0.643400,3.065589
1142,1.976300,0.460700,4.289776
1143,2.770300,0.761050,3.640102
1144,2.766700,0.609600,4.538550
1145,2.028800,0.468000,4.335043
1146,2.458350,0.573150,4.289191
1147,1.883650,0.461200,4.084237
1148,1.758300,0.472400,3.722058
1149,2.394650,0.811450,2.951075
1150,5.035550,0.929100,5.419815
1151,4.722900,0.658650,7.170576
1152,2.101950,0.463950,4.530553
1153,1.803850,0.459600,3.924826
1154,2.534850,0.466200,5.437259
1155,2.107800,0.800250,2.633927
1156,1.883350,0.517700,3.637918
1157,2.425000,0.493900,4.909901
1158,3.130250,0.572400,5.468641
1159,2.168750,0.985350,2.200995
1160,1.948300,0.521550,3.735596
1161,3.163450,0.842550,3.754614
1162,4.940550,1.024850,4.820754
1163,3.910600,0.662100,5.906359
1164,5.442400,0.716150,7.599525
1165,5.606600,1.724200,3.251711
1166,4.518700,0.665750,6.787383
1167,3.494500,0.923500,3.783974
1168,2.700250,0.519450,5.198287
1169,2.502550,0.548400,4.563366
1170,2.270550,0.536300,4.233731
1171,-64.045500,0.606950,-105.520224
1172,2.881350,0.546800,5.269477
1173,2.607500,0.958150,2.721390
1174,7.225450,1.244200,5.807306
1175,4.600850,0.599850,7.670001
1176,3.219350,0.733500,4.389025
1177,4.821250,1.456000,3.311298
1178,2.945350,0.601050,4.900341
1179,2.959200,0.887000,3.336189
1180,3.030800,0.544600,5.565185
1181,2.958450,0.583350,5.071484
1182,4.126800,0.587900,7.019561
1183,3.870400,0.532000,7.275188
1184,3.103850,0.576900,5.380222
1185,2.352650,0.443650,5.302942
1186,2.027000,0.543850,3.727131
1187,2.894300,0.754100,3.838085
1188,2.929350,0.624500,4.690713
1189,3.105300,0.627600,4.947897
1190,2.641550,0.871600,3.030691
1191,2.229700,0.514850,4.330776
1192,2.324350,0.481600,4.826308
1193,2.350200,0.521650,4.505320
1194,2.517450,0.449900,5.595577
1195,2.898600,1.002950,2.890074
1196,3.986200,1.074450,3.709991
1197,2.987450,0.709300,4.211829
1198,5.035400,1.053550,4.779460
1199,6.336950,0.871350,7.272566
1200,3.017950,0.515250,5.857254
1201,3.347150,0.701400,4.772099
1202,4.439000,1.024100,4.334538
1203,3.496100,0.720150,4.854683
1204,3.120400,0.653050,4.778195
1205,2.730300,0.855450,3.191654
1206,2.456900,0.539600,4.553188
1207,2.667200,0.557800,4.781642
1208,3.089550,1.295000,2.385753
1209,3.381750,0.815550,4.146588
1210,7.110450,1.439850,4.938327
1211,4.247950,0.613650,6.922431
1212,2.879350,0.639900,4.499687
1213,3.726050,0.683850,5.448636
1214,4.870300,1.646550,2.957882
1215,3.683400,0.624450,5.898631
1216,3.358750,0.577950,5.811489
1217,2.691900,0.599200,4.492490
1218,5.309350,0.662950,8.008673
1219,2.771200,0.644700,4.298433
1220,2.868400,0.554500,5.172949
1221,3.846350,1.177250,3.267233
1222,3.781900,0.547050,6.913262
1223,2.838750,0.660700,4.296579
1224,3.132250,0.539300,5.807992
1225,2.622500,0.661400,3.965074
1226,2.696600,0.700200,3.851185
1227,3.061100,0.552950,5.535944
1228,3.108500,0.532300,5.839752
1229,3.429950,0.638200,5.374412
1230,4.200850,0.770400,5.452817
1231,6.018800,0.696800,8.637773
1232,2.685000,0.817250,3.285408
1233,2.958100,0.526300,5.620559
1234,3.277250,0.685950,4.777681
1235,2.568350,0.872200,2.944680
1236,4.463700,1.641750,2.718867
1237,3.473750,0.898400,3.866596
1238,3.004200,0.555600,5.407127
1239,2.643400,0.589750,4.482238
1240,3.801100,0.761650,4.990612
1241,2.988400,0.887450,3.367401
1242,2.931100,1.159150,2.528663
1243,3.742200,1.030950,3.629856
1244,4.844650,0.841450,5.757502
1245,4.498400,1.251000,3.595843
1246,6.671600,0.994150,6.710859
1247,6.260350,1.006100,6.222393
1248,4.579300,1.301400,3.518749
1249,4.446300,1.279700,3.474486
1250,4.527200,0.846000,5.351300
1251,4.000500,0.922800,4.335176
1252,4.147050,1.217350,3.406621
1253,4.373150,0.696900,6.275147
1254,4.003000,1.158450,3.455479
1255,3.972200,0.869150,4.570212
1256,4.061450,0.959700,4.232000
1257,4.610300,1.025800,4.494346
1258,3.231400,0.745700,4.333378
1259,3.066500,0.702050,4.367923
1260,3.528050,0.909750,3.878043
1261,3.286350,0.578950,5.676397
1262,4.483300,1.255500,3.570928
1263,7.367100,1.004300,7.335557
1264,4.144500,1.356250,3.055853
1265,2.554350,0.868000,2.942800
1266,3.922350,0.564500,6.948361
1267,2.550150,1.081800,2.357321
1268,4.432850,1.121100,3.954018
1269,4.116600,1.180900,3.485985
1270,4.602450,0.968300,4.753124
1271,3.504400,1.050550,3.335776
1272,4.262600,0.807250,5.280396
1273,3.816650,1.574950,2.423347
1274,2.553250,0.820200,3.112960
1275,3.174050,0.759350,4.179957
1276,2.617950,0.667900,3.919674
1277,3.308050,0.702200,4.710980
1278,11.747750,0.978950,12.000358
1279,11.312550,1.076900,10.504736
1280,4.412300,0.693900,6.358697
1281,3.193850,0.582150,5.486301
1282,3.303350,0.636100,5.193130
1283,4.527600,1.631750,2.774690
1284,3.762000,0.948350,3.966890
1285,3.892650,0.814700,4.778016
1286,4.294450,0.739850,5.804487
1287,4.255750,1.128300,3.771825
1288,2.616550,0.597550,4.378797
1289,4.019950,1.175250,3.420506
1290,2.891000,0.986100,2.931751
1291,3.307850,1.190550,2.778422
1292,4.230150,0.985000,4.294569
1293,3.403050,0.659300,5.161611
1294,4.476100,0.997550,4.487093
1295,4.281350,1.227450,3.488004
1296,4.283200,1.239600,3.455308
1297,4.527300,1.181300,3.832473
1298,4.750600,0.896300,5.300234
1299,3.599550,0.824050,4.368121
1300,3.621700,1.149800,3.149852
1301,4.828800,0.691800,6.980052
1302,3.589800,1.131250,3.173304
1303,3.663300,1.273750,2.875996
1304,4.295250,1.291150,3.326686
1305,4.561150,1.407450,3.240719
1306,3.961950,0.904750,4.379055
1307,3.739700,1.095450,3.413848
1308,4.264300,0.921100,4.629573
1309,3.702600,0.842300,4.395821
1310,5.086550,0.797600,6.377319
1311,4.942300,0.779450,6.340753
1312,3.427950,0.802200,4.273186
1313,2.785000,0.619450,4.495924
1314,2.577100,0.798300,3.228235
1315,4.638150,0.777300,5.967001
1316,2.872000,0.935250,3.070837
1317,4.601100,0.768500,5.987118
1318,2.855050,1.004900,2.841128
1319,4.801800,1.142150,4.204176
1320,4.515350,1.225000,3.686000
1321,5.260550,1.078100,4.879464
1322,4.296250,1.157700,3.711022
1323,4.590000,0.756400,6.068218
1324,3.988400,1.403900,2.840943
1325,3.371050,1.014300,3.323524
1326,5.368100,0.840250,6.388694
1327,4.914750,0.778150,6.315942
1328,4.809250,1.477900,3.254111
1329,4.418600,1.322800,3.340339
1330,4.662050,1.347650,3.459392
1331,3.668000,0.625850,5.860829
1332,4.261550,1.210200,3.521360
1333,4.695800,1.374200,3.417115
1334,3.538850,0.997550,3.547541
1335,4.243400,1.009100,4.205133
1336,3.709400,0.840850,4.411488
1337,4.948250,1.437350,3.442620
1338,4.192100,0.899100,4.662551
1339,4.029000,1.323750,3.043626
1340,4.025100,0.805850,4.994850
1341,4.242950,1.109200,3.825234
1342,7.674700,1.010150,7.597585
1343,6.567300,0.729300,9.004936
1344,3.855250,0.819350,4.705254
1345,3.452650,1.065400,3.240708
1346,4.880050,1.062800,4.591692
1347,4.172050,1.043250,3.999089
1348,5.350450,0.943900,5.668450
1349,3.753700,1.029000,3.647911
1350,4.775100,1.206050,3.959289
1351,4.763200,1.310000,3.636031
1352,4.543900,0.963750,4.714812
1353,3.926400,1.116900,3.515445
1354,4.567950,0.821550,5.560161
1355,3.292900,0.973800,3.381495
1356,3.937100,0.956800,4.114862
1357,4.132700,1.266350,3.263474
1358,4.285000,1.143700,3.746612
1359,5.585150,1.337450,4.175969
1360,4.942350,1.564600,3.158858
1361,6.108450,0.962700,6.345123
1362,3.950150,0.914300,4.320409
1363,5.641150,1.023950,5.509205
1364,4.172850,1.674600,2.491849
1365,4.188300,0.883500,4.740577
1366,3.743000,0.900200,4.157965
1367,3.693000,0.876550,4.213108
1368,3.904450,0.886850,4.402605
1369,4.213000,0.893250,4.716485
1370,3.818300,0.866200,4.408104
1371,3.630350,0.995750,3.645845
1372,3.921700,0.925650,4.236699
1373,3.852500,0.920900,4.183408
1374,7.184600,0.869050,8.267188
1375,7.002800,0.931700,7.516153
1376,3.807200,0.907050,4.197343
1377,3.774150,0.938450,4.021685
1378,3.552950,0.905750,3.922661
1379,3.791550,0.951600,3.984395
1380,4.522850,2.170250,2.084023
1381,6.244400,1.282400,4.869308
1382,4.375450,0.938650,4.661429
1383,4.305750,1.081550,3.981092
1384,3.964900,0.914150,4.337253
1385,6.067450,1.779650,3.409350
1386,6.348400,1.634800,3.883288
1387,5.968350,2.297750,2.597476
1388,6.872450,1.063350,6.463018
1389,5.203500,1.009700,5.153511
1390,8.862700,1.904500,4.653557
1391,6.631300,2.470700,2.683976
1392,7.350700,1.381950,5.319078
1393,6.025750,3.198000,1.884225
1394,7.014500,1.842000,3.808089
1395,4.664550,1.490550,3.129415
1396,6.533000,1.312600,4.977145
1397,4.470400,0.991150,4.510316
1398,2.961750,0.738950,4.008052
1399,3.892000,1.778500,2.188361
1400,5.062650,1.101600,4.595724
1401,4.676550,1.251400,3.737054
1402,4.259200,1.282850,3.320108
1403,5.037950,1.460000,3.450651
1404,6.868600,1.327850,5.172723
1405,4.860500,1.115800,4.356067
1406,10.978900,1.248450,8.794025
1407,10.327000,1.107600,9.323763
1408,4.079150,1.233800,3.306168
1409,5.877000,1.623450,3.620068
1410,7.134750,0.881750,8.091579
1411,4.831150,1.047000,4.614279
1412,3.905300,1.050550,3.717386
1413,4.825400,0.916550,5.264743
1414,3.966400,1.698400,2.335374
1415,3.963050,1.269200,3.122479
1416,3.944700,1.451950,2.716829
1417,5.943150,0.865300,6.868312
1418,4.396500,0.899650,4.886900
1419,3.945150,1.150000,3.430565
1420,4.070050,1.337550,3.042914
1421,3.673550,1.232550,2.980447
1422,4.922600,1.279650,3.846833
1423,7.055150,0.968800,7.282360
1424,3.749150,1.506250,2.489062
1425,5.283900,1.348250,3.919080
1426,5.485200,1.407650,3.896707
1427,5.352400,1.349700,3.965622
1428,4.127550,0.834850,4.944062
1429,4.759000,1.098600,4.331877
1430,4.478800,1.150200,3.893931
1431,3.800200,1.473800,2.578505
1432,5.443300,1.562750,3.483155
1433,3.659550,1.287100,2.843252
1434,5.570450,1.539900,3.617410
1435,5.254300,1.495950,3.512350
1436,5.344350,1.631850,3.275025
1437,4.159050,1.521750,2.733070
1438,5.220200,0.865950,6.028293
1439,6.058600,1.391150,4.355102
1440,5.257350,0.963400,5.457079
1441,3.507500,1.016450,3.450735
1442,5.412250,1.516500,3.568909
1443,4.265150,0.922100,4.625474
1444,5.347500,0.871450,6.136325
1445,4.547450,1.733800,2.622823
1446,4.699700,0.893600,5.259288
1447,5.802850,1.143200,5.075971
1448,3.773850,1.396050,2.703234
1449,5.444000,1.583050,3.438931
1450,5.515300,0.988250,5.580875
1451,3.895050,1.361550,2.860747
1452,6.055400,1.271950,4.760722
1453,5.894250,1.054050,5.592002
1454,7.736200,1.467750,5.270789
1455,-48.040100,1.582700,-30.353257
1456,5.927900,1.186750,4.995071
1457,5.448250,1.285800,4.237245
1458,7.478300,1.663450,4.495657
1459,4.201450,1.056650,3.976198
1460,3.879150,1.293600,2.998724
1461,5.750400,1.628000,3.532187
1462,3.499050,0.967900,3.615095
1463,5.592100,1.568650,3.564913
1464,5.032700,1.605450,3.134760
1465,4.935950,1.586150,3.111906
1466,5.868700,1.195150,4.910430
1467,6.023150,1.480100,4.069421
1468,5.684300,1.028700,5.525712
1469,5.331300,0.923000,5.776056
1470,8.669700,1.710000,5.070000
1471,7.653250,1.691300,4.525069
1472,6.185900,1.300800,4.755458
1473,4.156200,1.047100,3.969248
1474,5.853250,1.080700,5.416165
1475,6.026650,1.433850,4.203124
1476,4.737050,1.277350,3.708498
1477,5.228100,1.568200,3.333822
1478,5.153050,1.135550,4.537933
1479,5.307450,1.544800,3.435687
1480,6.266200,1.638900,3.823418
1481,5.660700,1.476250,3.834513
1482,5.841500,1.108750,5.268546
1483,5.953150,1.712850,3.475582
1484,5.707500,1.109450,5.144441
1485,5.789400,1.635700,3.539402
1486,7.546300,1.398150,5.397346
1487,6.851350,1.766300,3.878928
1488,4.748300,1.616550,2.937305
1489,5.906400,1.716700,3.440555
1490,4.111800,1.755200,2.342639
1491,3.668100,1.132200,3.239799
1492,5.263550,1.161050,4.533440
1493,6.365500,1.642250,3.876085
1494,4.808600,1.671200,2.877334
1495,5.971450,1.311800,4.552104
1496,6.219200,1.658800,3.749216
1497,4.160200,1.399850,2.971890
1498,4.522000,1.120650,4.035158
1499,5.513600,1.106000,4.985172
1500,6.875150,1.763050,3.899577
1501,4.843050,1.158700,4.179727
1502,7.769700,1.344950,5.776943
1503,8.997950,2.285000,3.937834
1504,5.911200,1.394750,4.238179
1505,7.922300,1.608700,4.924660
1506,4.653050,1.743000,2.669564
1507,4.875350,1.194450,4.081669
1508,5.382600,1.583600,3.398964
1509,6.826950,2.018800,3.381687
1510,6.761550,1.704800,3.966184
1511,5.445900,1.120900,4.858507
1512,6.107400,1.813400,3.367928
1513,5.245150,1.295550,4.048589
1514,5.543300,1.649350,3.360900
1515,5.565800,0.948000,5.871097
1516,5.243800,1.853450,2.829210
1517,5.128300,1.277350,4.014796
1518,7.670950,1.448200,5.296886
1519,8.223250,1.596950,5.149347
1520,5.667250,1.211150,4.679230
1521,5.814400,1.808300,3.215396
1522,6.248050,1.261250,4.953855
1523,4.787750,1.339900,3.573214
1524,5.847600,1.049300,5.572858
1525,5.754800,1.807350,3.184109
1526,5.073300,1.292550,3.925032
1527,5.163200,1.136800,4.541872
1528,5.914200,1.359400,4.350596
1529,7.305350,1.178800,6.197277
1530,5.978100,1.236200,4.835868
1531,5.105700,1.836450,2.780201
1532,5.734000,0.996900,5.751831
1533,5.408500,1.893200,2.856803
1534,27.270650,1.904000,14.322820
1535,27.587900,1.219200,22.627871
1536,4.705400,1.733900,2.713767
1537,6.770300,1.331750,5.083762
1538,5.691600,1.273500,4.469258
1539,5.954900,1.442300,4.128753
1540,5.524600,1.891050,2.921446
1541,5.055300,1.513350,3.340470
1542,6.803200,1.038900,6.548465
1543,5.182750,1.287150,4.026531
1544,5.194100,1.544550,3.362856
1545,4.931450,1.215550,4.056970
1546,5.303650,1.151700,4.605062
1547,4.515050,1.824400,2.474814
1548,4.586100,1.036900,4.422895
1549,6.465900,1.503000,4.301996
1550,8.622050,1.566300,5.504725
1551,8.686150,1.820450,4.771430
1552,6.276950,2.124300,2.954832
1553,7.664500,1.633700,4.691498
1554,5.411900,1.289500,4.196898
1555,5.038850,1.949650,2.584490
1556,5.351400,1.981000,2.701363
1557,6.506000,1.637850,3.972281
1558,4.784500,1.655550,2.889976
1559,4.557100,1.866250,2.441849
1560,5.878650,1.070150,5.493295
1561,4.819450,1.687200,2.856478
1562,5.711950,1.243000,4.595294
1563,6.632050,1.071100,6.191812
1564,5.309900,1.678150,3.164139
1565,5.678400,1.747850,3.248791
1566,7.451350,1.761600,4.229876
1567,8.027250,1.909900,4.202969
1568,6.972050,1.912100,3.646279
1569,6.460900,2.053050,3.146976
1570,4.589550,1.369550,3.351137
1571,4.589550,1.112850,4.124141
1572,5.784600,1.766200,3.275167
1573,5.459900,1.901800,2.870912
1574,6.500150,1.262550,5.148430
1575,6.729950,2.068050,3.254249
1576,6.302100,1.834400,3.435510
1577,7.127200,1.742750,4.089628
1578,4.986400,1.400500,3.560443
1579,4.143750,1.196250,3.463950
1580,7.426200,1.869700,3.971867
1581,6.671350,1.845100,3.615712
1582,9.133050,1.867950,4.889344
1583,17.150050,1.623150,10.565906
1584,8.059450,1.830600,4.402628
1585,7.853700,1.601850,4.902894
1586,6.578000,1.865700,3.525754
1587,6.796250,1.338250,5.078461
1588,6.551250,2.093100,3.129927
1589,6.077700,1.184000,5.133193
1590,6.989450,2.006650,3.483144
1591,5.941750,1.529300,3.885274
1592,6.702000,1.178200,5.688338
1593,6.460450,1.709500,3.779146
1594,5.630850,1.954400,2.881114
1595,5.287550,2.078800,2.543559
1596,6.475550,3.069350,2.109746
1597,5.540350,1.620550,3.418808
1598,11.242200,1.543150,7.285228
1599,8.025400,2.107550,3.807929
1600,6.002500,1.968100,3.049896
1601,5.159000,1.211650,4.257830
1602,6.255950,1.772650,3.529151
1603,5.034650,1.456900,3.455728
1604,8.922700,1.787950,4.990464
1605,9.139150,1.604850,5.694707
1606,6.489550,2.174950,2.983770
1607,7.201350,1.293400,5.567767
1608,7.800800,1.846550,4.224527
1609,6.654700,2.135400,3.116372
1610,9.387200,1.241000,7.564222
1611,4.735850,1.328700,3.564273
1612,6.985750,2.194500,3.183299
1613,7.544050,2.292950,3.290107
1614,9.156250,2.052150,4.461784
1615,9.513950,2.285750,4.162288
1616,7.209700,2.159250,3.338983
1617,7.004350,2.109600,3.320227
1618,6.915600,1.960250,3.527917
1619,5.542700,2.082700,2.661305
1620,6.333000,1.874250,3.378952
1621,6.972350,2.113850,3.298413
1622,4.967700,1.809100,2.745951
1623,6.562650,1.461950,4.488970
1624,8.771500,2.163450,4.054404
1625,9.571100,1.445600,6.620849
1626,4.929800,1.820500,2.707937
1627,5.991050,2.173250,2.756724
1628,6.925400,2.006400,3.451655
1629,7.692900,2.080450,3.697710
1630,7.630400,2.401200,3.177744
1631,8.858200,2.160000,4.101019
1632,6.160300,2.229600,2.762962
1633,6.693650,2.175400,3.076974
1634,6.548900,1.742000,3.759414
1635,6.298350,1.339300,4.702718
1636,5.647000,2.081950,2.712361
1637,6.148750,1.630400,3.771314
1638,6.751100,2.263550,2.982527
1639,6.175700,1.593500,3.875557
1640,6.178750,2.167200,2.851029
1641,6.393400,1.266150,5.049481
1642,5.652750,1.506300,3.752738
1643,7.471300,1.345350,5.553425
1644,9.863750,2.102450,4.691550
1645,-50.449000,2.082700,-24.222884
1646,13.644950,2.395250,5.696670
1647,10.471550,2.271450,4.610073
1648,6.880000,2.279150,3.018669
1649,7.673200,1.926550,3.982871
1650,6.970750,1.985250,3.511271
1651,7.717550,2.154650,3.581811
1652,6.584600,1.895850,3.473165
1653,6.683900,1.808150,3.696541
1654,7.931550,2.067550,3.836207
1655,5.117800,2.303750,2.221508
1656,6.788400,1.632350,4.158667
1657,6.313100,2.110900,2.990715
1658,6.590650,1.281300,5.143721
1659,6.553200,2.103150,3.115898
1660,7.229500,1.400600,5.161716
1661,9.135850,2.501950,3.651492
1662,23.196300,2.614050,8.873702
1663,22.146700,1.899650,11.658305
1664,7.529150,2.013850,3.738685
1665,6.323450,2.027650,3.118610
1666,7.208300,1.920400,3.753541
1667,6.528700,1.883550,3.466168
1668,6.588000,1.419150,4.642215
1669,7.283650,2.062050,3.532237
1670,8.518550,1.636950,5.203916
1671,8.281000,1.726100,4.797520
1672,5.773200,1.528550,3.776913
1673,5.500300,1.978450,2.780106
1674,6.226800,2.417750,2.575452
1675,6.747700,1.641850,4.109815
1676,7.807950,2.290400,3.408990
1677,7.541150,2.201950,3.424760
1678,8.564350,2.121200,4.037502
1679,8.195650,2.122500,3.861319
1680,7.118900,1.825300,3.900126
1681,6.550150,1.802900,3.633119
1682,7.906150,2.214600,3.570013
1683,5.970400,2.282350,2.615900
1684,7.157350,2.537300,2.820853
1685,5.855250,1.841150,3.180213
1686,7.229650,1.998950,3.616724
1687,8.461750,2.170350,3.898795
1688,7.711900,2.038150,3.783775
1689,7.957400,2.120700,3.752252
1690,6.162000,1.520000,4.053947
1691,6.939150,1.856050,3.738665
1692,7.615500,1.903750,4.000263
1693,11.635100,2.255900,5.157631
1694,9.018550,2.365750,3.812131
1695,11.525450,2.066600,5.577011
1696,7.569400,3.001000,2.522293
1697,7.958100,1.419850,5.604888
1698,7.291750,2.310150,3.156397
1699,7.681450,2.104750,3.649578
1700,8.309000,1.513000,5.491738
1701,7.069200,1.570150,4.502245
1702,7.776050,3.296450,2.358916
1703,10.455600,3.653650,2.861686
1704,9.388550,2.365050,3.969705
1705,9.922550,1.568900,6.324527
1706,6.968550,2.143950,3.250332
1707,7.751450,2.114900,3.665161
1708,9.146450,1.750350,5.225498
1709,9.668750,1.922450,5.029390
1710,10.567300,1.717450,6.152901
1711,10.114900,1.783000,5.672967
1712,8.904250,1.946950,4.573435
1713,9.242550,1.884500,4.904510
1714,8.272300,2.301500,3.594308
1715,5.719450,2.114250,2.705191
1716,7.521600,2.407200,3.124626
1717,7.939800,1.547900,5.129401
1718,7.246100,2.217300,3.267984
1719,7.922100,2.146050,3.691480
1720,8.276750,2.197850,3.765839
1721,7.684100,1.485400,5.173085
1722,6.826650,1.944550,3.510658
1723,8.265850,2.482150,3.330117
1724,8.417300,1.908500,4.410427
1725,6.868850,2.321700,2.958543
1726,14.140800,2.440350,5.794579
1727,8.209650,2.467050,3.327719
1728,8.521450,1.804800,4.721548
1729,6.417500,2.020650,3.175958
1730,8.343550,2.301000,3.626054
1731,6.666200,1.859200,3.585521
1732,11.791300,1.846850,6.384547
1733,9.144100,1.872300,4.883886
1734,6.963850,2.428700,2.867316
1735,7.335000,2.503900,2.929430
1736,9.897800,1.920700,5.153225
1737,10.435350,2.408350,4.332987
1738,7.518950,1.816150,4.140049
1739,7.180200,2.210600,3.248077
1740,6.882450,2.791500,2.465502
1741,7.691250,1.973950,3.896375
1742,13.234350,2.511200,5.270130
1743,12.735900,1.480650,8.601560
1744,9.988900,1.982450,5.038664
1745,8.834100,1.700700,5.194391
1746,7.754250,1.718450,4.512351
1747,9.118050,2.350650,3.878948
1748,9.366650,1.984750,4.719310
1749,9.495550,2.371500,4.004027
1750,8.029650,2.286650,3.511534
1751,7.831350,2.490550,3.144426
1752,9.045650,2.079850,4.349184
1753,9.252050,2.549750,3.628611
1754,10.370550,1.835050,5.651372
1755,9.385950,1.577700,5.949135
1756,8.249200,2.202000,3.746231
1757,9.881300,1.616200,6.113909
1758,10.765050,1.966150,5.475193
1759,12.226250,2.672700,4.574494
1760,9.805950,2.611600,3.754767
1761,9.923350,2.588400,3.833778
1762,7.368850,2.185400,3.371854
1763,7.898350,2.269450,3.480293
1764,8.970600,2.410550,3.721391
1765,8.904050,2.601700,3.422397
1766,6.981800,1.930900,3.615827
1767,6.346750,2.629050,2.414085
1768,8.573750,1.856550,4.618109
1769,8.849850,2.446000,3.618091
1770,7.221700,2.581750,2.797211
1771,7.939600,2.437100,3.257806
1772,9.378650,2.031950,4.615591
1773,7.864750,2.406700,3.267856
1774,10.619050,1.863050,5.699820
1775,10.987650,2.587350,4.246681
1776,9.157100,1.777700,5.151094
1777,9.387750,1.837300,5.109536
1778,8.150350,2.322050,3.509980
1779,9.735000,2.727400,3.569333
1780,11.582950,2.360350,4.907302
1781,10.636400,2.263400,4.699302
1782,10.373950,1.726150,6.009877
1783,9.088750,2.172900,4.182774
1784,7.849350,2.576650,3.046339
1785,8.435000,1.894250,4.452950
1786,10.672300,1.856250,5.749387
1787,10.173200,1.992750,5.105106
1788,9.738350,2.452650,3.970542
1789,9.101100,2.431950,3.742306
1790,-29.319900,2.745450,-10.679451
1791,35.703750,1.913450,18.659359
1792,8.477700,2.324450,3.647185
1793,8.059450,1.931750,4.172098
1794,8.947100,2.706850,3.305355
1795,7.605800,1.772650,4.290638
1796,9.693800,1.830050,5.297014
1797,7.932900,2.528800,3.137022
1798,10.564050,1.832300,5.765459
1799,7.774800,2.321350,3.349258
1800,10.673000,2.482900,4.298602
1801,8.721650,2.496500,3.493551
1802,13.476250,2.985550,4.513825
1803,13.052750,1.909300,6.836406
1804,12.262100,1.447550,8.470934
1805,12.859800,2.514900,5.113444
1806,11.572000,2.622400,4.412752
1807,10.519300,2.642350,3.981040
1808,11.232050,2.532450,4.435250
1809,10.623750,2.678550,3.966232
1810,9.767650,2.561950,3.812584
1811,9.565300,1.632200,5.860373
1812,9.275050,2.514450,3.688699
1813,9.849450,2.065500,4.768555
1814,10.376500,2.513850,4.127732
1815,9.223600,2.541200,3.629624
1816,9.670100,2.318500,4.170843
1817,9.021150,1.803600,5.001747
1818,9.419150,2.753600,3.420667
1819,8.125150,2.685600,3.025451
1820,9.109150,1.822250,4.998848
1821,10.382350,1.505800,6.894906
1822,9.121800,2.304000,3.959115
1823,13.799650,1.949750,7.077651
1824,10.798500,3.353050,3.220501
1825,9.576400,2.711550,3.531707
1826,8.361350,2.492900,3.354066
1827,9.638100,1.807850,5.331250
1828,10.654400,2.298700,4.634968
1829,10.403650,2.532650,4.107812
1830,12.096150,2.465250,4.906663
1831,12.698100,2.721750,4.665417
1832,12.149450,3.103850,3.914316
1833,12.133100,3.076500,3.943800
1834,10.457050,2.822550,3.704824
1835,9.452100,1.890800,4.998995
1836,10.977950,2.359900,4.651871
1837,10.487150,2.158250,4.859099
1838,15.258000,2.754550,5.539199
1839,13.176100,2.413850,5.458541
1840,9.094250,2.005400,4.534881
1841,9.660150,2.685700,3.596883
1842,8.953000,2.851950,3.139256
1843,8.775450,1.828450,4.799393
1844,9.822000,2.235250,4.394139
1845,7.460050,2.156150,3.459894
1846,9.623500,2.319400,4.149133
1847,10.677050,1.923100,5.551999
1848,8.257250,2.575300,3.206325
1849,10.190800,2.504850,4.068427
1850,7.760800,2.719750,2.853498
1851,9.442900,2.785650,3.389837
1852,9.532200,2.250300,4.235969
1853,11.263350,1.834950,6.138233
1854,12.998200,2.924450,4.444665
1855,10.359250,2.570250,4.030445
1856,12.409000,1.827150,6.791451
1857,14.164400,2.872200,4.931551
1858,10.835250,2.558700,4.234670
1859,11.450350,1.804350,6.345969
1860,8.819300,2.421200,3.642533
1861,8.577000,2.920900,2.936424
1862,9.985000,2.664450,3.747490
1863,11.423800,1.901950,6.006362
1864,10.162800,1.744550,5.825456
1865,7.713450,2.330050,3.310423
1866,10.700600,2.370150,4.514735
1867,10.519150,3.366400,3.124748
1868,12.053950,1.758250,6.855652
1869,10.408250,2.629450,3.958337
1870,11.299150,2.566000,4.403410
1871,15.983900,3.336250,4.790978
1872,10.562100,2.827500,3.735491
1873,11.159550,2.640850,4.225742
1874,10.862250,2.460300,4.415010
1875,9.461600,1.913300,4.945173
1876,11.853450,2.836900,4.178311
1877,10.672050,1.970050,5.417147
1878,9.213550,2.437050,3.780616
1879,11.183650,2.050400,5.454375
1880,12.519400,2.935750,4.264464
1881,10.786200,2.452350,4.398312
1882,10.323700,2.473950,4.172962
1883,11.967050,2.109500,5.672932
1884,14.629600,2.821400,5.185227
1885,12.971000,2.834700,4.575793
1886,14.030700,1.899500,7.386523
1887,15.507600,2.848400,5.444320
1888,10.979250,2.633200,4.169547
1889,11.377700,2.958550,3.845701
1890,10.758550,1.922450,5.596270
1891,10.448550,2.929650,3.566484
1892,10.980800,2.796300,3.926903
1893,9.902750,1.956900,5.060427
1894,9.733100,2.001750,4.862295
1895,9.106250,1.664750,5.470041
1896,8.005100,1.814000,4.412955
1897,8.429450,1.851950,4.551662
1898,8.308300,2.562500,3.242263
1899,8.503600,1.859900,4.572074
1900,9.507650,1.836300,5.177613
1901,10.299950,1.900900,5.418460
1902,12.496950,1.935150,6.457871
1903,15.158450,1.825550,8.303498
1904,14.800000,1.842800,8.031257
1905,8.728000,-67.071800,-0.130129
1906,11.812950,2.810200,4.203598
1907,9.968850,2.709750,3.678882
1908,10.438700,2.012350,5.187318
1909,11.108500,3.099600,3.583850
1910,13.731850,2.380500,5.768473
1911,13.762200,2.523050,5.454589
1912,16.205050,3.004350,5.393862
1913,15.235850,3.029600,5.028997
1914,12.902200,2.130850,6.054955
1915,12.465900,2.391550,5.212477
1916,9.480700,2.832750,3.346818
1917,9.036700,2.872800,3.145607
1918,33.122900,2.039100,16.243882
1919,32.673050,3.101950,10.533068
1920,10.627200,2.642700,4.021342
1921,11.740950,2.771250,4.236698
1922,10.634400,2.231050,4.766545
1923,9.286800,2.922250,3.177962
1924,11.609200,2.866850,4.049462
1925,9.509100,2.556500,3.719578
1926,12.314950,3.041150,4.049439
1927,11.426750,2.864550,3.989021
1928,10.594300,2.868850,3.692873
1929,12.432600,3.329700,3.733850
1930,11.218500,2.858400,3.924748
1931,9.867050,3.202700,3.080854
1932,11.350350,2.887100,3.931402
1933,9.128850,2.744200,3.326598
1934,12.684200,3.035300,4.178895
1935,14.882350,3.047200,4.883943
1936,14.267050,2.341650,6.092734
1937,10.975150,2.034050,5.395713
1938,12.198600,2.670050,4.568678
1939,14.457550,1.937750,7.460999
1940,14.467400,2.820350,5.129647
1941,14.084950,3.054700,4.610911
1942,13.636900,2.810500,4.852126
1943,13.543400,2.754650,4.916559
1944,11.409550,3.066050,3.721254
1945,13.014200,2.027050,6.420266
1946,10.337950,2.002650,5.162135
1947,11.304400,2.487450,4.544574
1948,12.516200,2.409800,5.193875
1949,11.057650,3.065300,3.607363
1950,15.674450,2.763600,5.671751
1951,13.742500,3.287100,4.180737
1952,13.536100,2.600150,5.205892
1953,12.409350,2.560100,4.847213
1954,10.064150,2.772850,3.629533
1955,8.935300,1.989850,4.490439
1956,11.582900,3.029500,3.823370
1957,10.815550,2.612600,4.139765
1958,11.430250,3.106350,3.679640
1959,14.332150,3.054800,4.691682
1960,12.324300,2.777600,4.437032
1961,12.539050,2.876350,4.359362
1962,10.508900,2.313750,4.541934
1963,10.926950,2.817950,3.877624
1964,13.607250,3.050750,4.460297
1965,12.491700,2.355400,5.303430
1966,18.688850,2.141250,8.728009
1967,16.618550,3.151000,5.274056
1968,17.200700,2.130050,8.075256
1969,17.001250,2.656000,6.401073
1970,14.973050,3.338450,4.485030
1971,15.128150,3.041900,4.973257
1972,15.825550,2.684950,5.894169
1973,11.529250,2.063550,5.587095
1974,13.881800,2.676650,5.186259
1975,10.485450,3.156250,3.322123
1976,13.715950,3.111800,4.407722
1977,13.164550,2.174000,6.055451
1978,11.101150,2.933600,3.784139
1979,12.111800,1.953150,6.201162
1980,13.696550,2.713950,5.046722
1981,10.246950,3.446100,2.973492
1982,12.887150,3.058850,4.213070
1983,14.280600,2.348500,6.080732
1984,11.090800,2.733900,4.056769
1985,12.274900,3.220150,3.811903
1986,11.543200,3.105150,3.717437
1987,11.125100,2.584550,4.304463
1988,13.717800,2.053850,6.679066
1989,12.363200,3.065750,4.032684
1990,10.889450,2.378800,4.577707
1991,9.907550,2.240400,4.422224
1992,12.520300,3.044850,4.111960
1993,13.058200,3.143800,4.153636
1994,11.457950,1.967800,5.822721
1995,11.607150,2.921550,3.972942
1996,15.249450,2.365750,6.445926
1997,13.397000,2.731100,4.905349
1998,18.500400,3.030950,6.103829
1999,17.863300,2.912200,6.133954
2000,21.796200,2.105500,10.352030
2001,19.313400,2.355900,8.197886
2002,13.423400,2.517700,5.331612
2003,11.866400,2.152200,5.513614
2004,10.563000,2.657600,3.974639
2005,-103.021300,2.440400,-42.214924
2006,11.958600,2.594400,4.609389
2007,19.473600,3.795800,5.130302
2008,15.259100,2.536000,6.016995
2009,9.678400,2.777200,3.484949
2010,11.091800,3.258200,3.404272
2011,9.388300,2.361100,3.976240
2012,13.158100,3.010500,4.370736
2013,13.888000,2.103000,6.603899
2014,13.018100,3.183400,4.089370
2015,18.060000,3.206900,5.631607
2016,9.903800,2.826700,3.503662
2017,11.815600,3.118400,3.788994
2018,11.737000,2.451700,4.787290
2019,13.426600,3.157400,4.252423
2020,15.048300,2.004500,7.507259
2021,13.260700,2.706500,4.899575
2022,12.331500,2.013000,6.125931
2023,11.181600,2.445900,4.571569
2024,13.424500,3.280500,4.092212
2025,15.216600,3.118400,4.879618
2026,12.658600,2.562400,4.940134
2027,13.003700,2.119700,6.134689
2028,13.089000,2.545800,5.141409
2029,14.762600,2.973400,4.964889
2030,29.078100,3.256000,8.930620
2031,26.307200,1.969300,13.358655
2032,13.375700,3.044900,4.392821
2033,12.490200,2.192200,5.697564
2034,12.087700,3.192200,3.786636
2035,12.202700,3.279000,3.721470
2036,14.168800,3.397300,4.170606
2037,11.029900,3.203100,3.443508
2038,10.829800,3.151400,3.436504
2039,13.161400,2.014100,6.534631
2040,13.414900,1.971000,6.806139
2041,12.384000,3.322900,3.726865
2042,14.109100,3.364200,4.193895
2043,15.546100,2.170600,7.162121
2044,11.582200,2.187300,5.295204
2045,15.023100,3.441400,4.365404
2046,51.901200,3.819000,13.590259
2047,47.630800,3.747000,12.711716
2048,13.647400,3.423600,3.986272
2049,13.090700,3.041900,4.303462
2050,13.435700,3.666700,3.664249
2051,13.896600,2.416000,5.751904
2052,13.323300,3.236500,4.116577
2053,14.689200,2.624800,5.596312
2054,13.385400,2.069100,6.469190
2055,12.049400,3.003200,4.012187
2056,15.773700,3.758900,4.196361
2057,20.166800,4.216800,4.782489
2058,14.980200,2.285600,6.554165
2059,14.412800,3.819900,3.773083
2060,16.164700,2.159100,7.486777
2061,13.023700,3.059200,4.257224
2062,28.817700,2.943400,9.790616
2063,27.291900,3.389000,8.053084
2064,17.657000,3.437800,5.136134
2065,17.672400,2.131100,8.292619
2066,14.969500,3.757400,3.984005
2067,14.107400,2.522200,5.593292
2068,16.430300,3.253600,5.049883
2069,14.154100,3.542000,3.996076
2070,13.859200,3.496600,3.963622
2071,13.821900,2.396600,5.767295
2072,15.371900,3.706400,4.147394
2073,14.603800,2.311900,6.316796
2074,12.829300,2.366700,5.420755
2075,13.845800,3.604000,3.841787
2076,15.512300,3.749400,4.137275
2077,13.646400,2.299700,5.933991
2078,15.976700,2.902000,5.505410
2079,20.401700,3.368900,6.055894
2080,17.280000,2.769200,6.240069
2081,18.195800,3.457300,5.263009
2082,17.512700,3.550200,4.932877
2083,17.779400,2.674200,6.648493
2084,15.061700,3.855800,3.906245
2085,17.306300,3.652000,4.738855
2086,15.981900,3.549700,4.502324
2087,17.263600,3.639900,4.742878
2088,15.579300,3.541700,4.398820
2089,18.113700,3.777100,4.795663
2090,20.133800,3.365600,5.982232
2091,17.741800,3.440100,5.157350
2092,19.422600,2.558600,7.591105
2093,18.203100,3.614300,5.036411
2094,26.469300,2.926600,9.044386
2095,31.454200,4.399800,7.149007
2096,26.537800,3.736100,7.103075
2097,25.050300,3.799900,6.592358
2098,14.319300,2.615300,5.475204
2099,19.254100,3.649800,5.275385
2100,15.380400,3.045500,5.050205
2101,14.872400,3.725000,3.992591
2102,17.527600,4.062600,4.314380
2103,22.952700,2.911100,7.884545
2104,25.876800,2.678200,9.662012
2105,18.042100,2.280000,7.913202
2106,15.022000,3.244500,4.629989
2107,18.478200,3.342900,5.527596
2108,17.817000,3.511200,5.074334
2109,15.548300,4.234000,3.672248
2110,21.235400,3.807700,5.576962
2111,21.888100,3.868500,5.658033
2112,18.114200,3.819800,4.742185
2113,17.718400,3.921800,4.517925
2114,15.883700,3.261300,4.870358
2115,16.471600,2.491200,6.611914
2116,14.578200,2.752500,5.296349
2117,19.970300,3.907800,5.110369
2118,14.347900,2.293400,6.256170
2119,14.201000,2.765800,5.134500
2120,19.608200,3.341200,5.868610
2121,17.038500,3.108800,5.480732
2122,14.477500,3.401500,4.256210
2123,19.568000,3.533800,5.537382
2124,19.696600,3.438100,5.728920
2125,19.209100,4.125300,4.656413
2126,25.831700,2.663200,9.699497
2127,19.498700,3.789800,5.145047
2128,24.974300,3.957400,6.310785
2129,24.921200,4.065100,6.130526
2130,22.549300,3.703500,6.088646
2131,25.280600,3.445300,7.337706
2132,21.506500,2.834300,7.587941
2133,19.774800,2.858900,6.916926
2134,17.512200,2.777200,6.305704
2135,16.406300,3.604000,4.552248
2136,21.332100,3.490900,6.110774
2137,22.069800,3.600300,6.129989
2138,16.750100,3.715200,4.508533
2139,15.335900,3.696600,4.148650
2140,22.692300,3.886100,5.839351
2141,23.527300,3.578900,6.573891
2142,21.017900,3.166200,6.638210
2143,20.142700,4.091700,4.922819
2144,22.681600,2.987900,7.591151
2145,19.578500,3.638100,5.381518
2146,19.959400,3.024500,6.599240
2147,16.103100,2.811700,5.727176
2148,17.705500,3.049700,5.805653
2149,20.319800,3.899500,5.210873
2150,19.743900,3.238800,6.096054
2151,-110.311200,5.041300,-21.881499
2152,19.631300,3.494700,5.617449
2153,22.765300,4.097800,5.555493
2154,20.731700,3.918700,5.290453
2155,18.831600,2.591600,7.266399
2156,18.864000,3.625600,5.203001
2157,20.101000,3.141000,6.399554
2158,19.495300,3.735300,5.219206
2159,20.739800,3.284300,6.314831
2160,21.437300,4.293100,4.993431
2161,18.433100,2.450200,7.523100
2162,19.025600,3.197400,5.950335
2163,21.328200,3.614900,5.900080
2164,22.359600,3.868300,5.780214
2165,23.395700,4.280900,5.465136
2166,18.792700,3.039600,6.182623
2167,23.435200,3.290100,7.122945
2168,26.026100,3.599000,7.231481
2169,26.990300,3.579000,7.541296
2170,18.992700,3.610400,5.260553
2171,22.099800,4.349100,5.081465
2172,22.378700,4.131800,5.416211
2173,17.676300,3.262400,5.418189
2174,50.919400,4.191600,12.147963
2175,47.389300,4.309100,10.997494
2176,23.248900,3.771700,6.164037
2177,22.359700,4.194700,5.330465
2178,16.240900,2.493300,6.513817
2179,20.212800,3.787300,5.336995
2180,22.519900,3.990300,5.643661
2181,22.107200,4.083000,5.414450
2182,20.155600,2.971500,6.782972
2183,19.539200,3.268500,5.978033
2184,22.827300,3.290900,6.936492
2185,23.127000,4.142000,5.583535
2186,22.267800,2.541900,8.760297
2187,20.312000,2.998400,6.774280
2188,22.069100,3.726400,5.922365
2189,18.865100,2.448400,7.705073
2190,34.158900,2.339600,14.600316
2191,27.447900,3.557900,7.714635
2192,22.610600,3.818400,5.921485
2193,20.684100,3.917000,5.280597
2194,20.507800,4.177400,4.909226
2195,22.364000,3.927100,5.694788
2196,19.232200,3.278900,5.865443
2197,24.993600,2.640300,9.466197
2198,20.142600,2.559200,7.870663
2199,21.579100,3.132300,6.889219
2200,25.152700,4.101200,6.133010
2201,26.436500,3.956000,6.682634
2202,35.948100,5.193400,6.921882
2203,21.738500,4.581200,4.745154
2204,25.124400,4.263100,5.893458
2205,28.581300,3.847200,7.429117
2206,21.895600,2.585100,8.469924
2207,23.455400,2.848400,8.234588
2208,23.421800,3.688900,6.349264
2209,24.694200,3.994700,6.181741
2210,20.887900,4.066700,5.136327
2211,21.437300,2.717300,7.889191
2212,23.092400,2.971800,7.770509
2213,20.322200,2.491500,8.156612
2214,19.182100,3.471300,5.525912
2215,22.229100,3.617900,6.144200
2216,25.059200,2.476900,10.117163
2217,24.477100,4.369200,5.602193
2218,19.349700,4.196800,4.610584
2219,22.832300,3.219800,7.091217
2220,26.273600,2.777600,9.459101
2221,20.700400,3.093800,6.690930
2222,22.165000,4.242500,5.224514
2223,29.136600,2.555500,11.401526
2224,21.176700,2.691300,7.868577
2225,24.166500,4.006600,6.031673
2226,22.706600,2.543100,8.928709
2227,20.443400,3.122800,6.546497
2228,25.579300,3.677600,6.955433
2229,20.882700,3.310600,6.307829
2230,22.009800,2.662700,8.265971
2231,21.854400,3.820000,5.721047
2232,24.253600,3.977900,6.097086
2233,21.069300,2.807000,7.505985
2234,23.556500,3.970100,5.933478
2235,21.441400,3.575000,5.997594
2236,24.252800,3.752100,6.463794
2237,29.487600,2.967600,9.936514
2238,38.587700,2.956900,13.050052
2239,34.585100,4.151600,8.330547
2240,28.860000,3.804600,7.585554
2241,29.481500,4.585000,6.429989
2242,24.760300,3.064700,8.079192
2243,26.454000,3.765800,7.024802
2244,25.634400,4.161800,6.159450
2245,27.428200,3.726600,7.360114
2246,22.346100,3.006400,7.432843
2247,23.775700,3.946700,6.024197
2248,28.566600,3.994300,7.151841
2249,27.636300,3.751400,7.366930
2250,22.814900,4.811000,4.742237
2251,24.485800,3.375700,7.253547
2252,24.043400,3.575800,6.723922
2253,30.040100,4.316500,6.959365
2254,29.846800,4.138800,7.211462
2255,30.664800,3.958700,7.746179
2256,27.833800,3.243400,8.581674
2257,25.271000,4.505900,5.608425
2258,21.920800,2.535900,8.644189
2259,19.949300,4.062800,4.910234
2260,26.324300,4.427500,5.945635
2261,-93.198500,4.043500,-23.048967
2262,21.689000,3.314000,6.544659
2263,22.701500,4.148900,5.471691
2264,25.865500,3.425000,7.551971
2265,28.379300,3.929200,7.222666
2266,23.881900,3.512100,6.799892
2267,23.362300,3.233800,7.224411
2268,31.223200,3.883200,8.040585
2269,21.371500,3.339000,6.400569
2270,31.215100,4.244500,7.354247
2271,29.105600,4.159100,6.998052
2272,28.983000,2.816800,10.289335
2273,27.553000,3.262600,8.445105
2274,27.360800,3.344600,8.180590
2275,24.072000,2.572200,9.358526
2276,28.466700,4.589000,6.203247
2277,30.422900,3.893800,7.813165
2278,26.352600,3.436400,7.668665
2279,22.917000,3.778300,6.065426
2280,30.415000,4.917300,6.185305
2281,28.028400,3.554600,7.885107
2282,25.425700,4.089100,6.217921
2283,22.357400,3.087100,7.242201
2284,30.593300,2.951400,10.365691
2285,29.746200,4.331800,6.866938
2286,31.370000,3.310700,9.475338
2287,27.964000,4.002300,6.986982
2288,25.349400,3.831400,6.616224
2289,29.827700,4.296300,6.942648
2290,24.307800,2.764600,8.792520
2291,25.050200,2.685200,9.328989
2292,33.874800,3.160600,10.717838
2293,31.488300,3.190700,9.868775
2294,29.839800,2.911800,10.247888
2295,24.180500,2.890500,8.365508
2296,28.470100,4.764800,5.975088
2297,30.471800,4.788200,6.363936
2298,28.294500,3.173200,8.916709
2299,28.988200,2.951800,9.820516
2300,29.455700,3.568700,8.253902
2301,36.853000,4.135000,8.912455
2302,50.884100,2.857400,17.807832
2303,61.539700,3.769000,16.327859
2304,31.570800,3.271000,9.651727
2305,30.972300,4.016600,7.711074
2306,28.407300,3.201900,8.872013
2307,26.840600,2.998300,8.951939
2308,30.497200,4.567600,6.676854
2309,34.344800,4.069200,8.440185
2310,27.880600,4.346300,6.414790
2311,28.088900,4.766600,5.892859
2312,32.124000,4.519500,7.107866
2313,33.634100,4.751100,7.079224
2314,27.604700,3.008500,9.175569
2315,29.911800,3.505300,8.533307
2316,33.717600,4.736300,7.118975
2317,32.400900,4.705600,6.885604
2318,33.875500,4.082400,8.297937
2319,37.312400,4.326000,8.625150
2320,38.755300,4.934300,7.854265
2321,29.442900,2.740000,10.745584
2322,26.426800,4.013100,6.585134
2323,25.488800,3.612100,7.056505
2324,31.622300,4.883400,6.475468
2325,28.559900,5.178000,5.515624
2326,37.144900,3.377700,10.997099
2327,23.996100,3.037800,7.899170
2328,33.016600,5.592400,5.903834
2329,30.016700,2.787600,10.767937
2330,25.305000,3.628900,6.973187
2331,28.763900,4.196100,6.854913
2332,35.843000,4.701000,7.624548
2333,33.250900,3.403600,9.769332
2334,38.629700,2.577100,14.989601
2335,34.316100,4.798900,7.150826
2336,40.759500,6.105500,6.675866
2337,26.631500,3.116200,8.546146
2338,28.589300,4.105200,6.964167
2339,32.934200,3.158500,10.427165
2340,34.322500,4.254000,8.068289
2341,29.153100,3.922900,7.431517
2342,28.367400,6.241700,4.544820
2343,45.258700,4.600600,9.837565
2344,25.582000,3.213200,7.961534
2345,28.135200,5.002200,5.624565
2346,34.400600,3.908800,8.800808
2347,27.189900,2.834000,9.594178
2348,31.311100,5.321500,5.883886
2349,33.855700,3.536500,9.573222
2350,-98.954100,6.173400,-16.029109
2351,36.144600,4.792800,7.541437
2352,36.300600,3.069600,11.825841
2353,34.819800,3.947500,8.820722
2354,33.273000,4.164100,7.990442
2355,32.566900,4.890100,6.659762
2356,36.176500,3.828200,9.450003
2357,32.158400,3.570300,9.007198
2358,25.513900,4.549700,5.607820
2359,28.408300,3.472200,8.181643
2360,24.161500,3.143700,7.685689
2361,33.002400,4.113200,8.023534
2362,35.971200,4.319400,8.327823
2363,32.605700,4.441700,7.340815
2364,38.514000,4.778400,8.060020
2365,33.955900,3.960600,8.573423
2366,46.792400,4.261600,10.980008
2367,44.245000,4.647200,9.520787
2368,36.258800,5.658100,6.408300
2369,33.908500,4.975600,6.814957
2370,31.418600,3.631500,8.651687
2371,28.558400,4.123000,6.926607
2372,35.156500,4.923800,7.140115
2373,31.589700,4.039400,7.820394
2374,29.630400,2.906400,10.194880
2375,29.238000,3.785400,7.723887
2376,35.606100,4.652100,7.653769
2377,48.848200,4.141900,11.793670
2378,25.062300,3.433400,7.299557
2379,27.465800,4.448700,6.173893
2380,40.979300,4.957600,8.265955
2381,31.270100,3.527400,8.864915
2382,40.622100,3.293200,12.335145
2383,44.060900,7.111500,6.195725
2384,30.103100,2.988200,10.073991
2385,39.624700,3.191000,12.417643
2386,31.269200,2.765700,11.306071
2387,28.631300,4.654900,6.150787
2388,29.949600,3.220300,9.300252
2389,32.322000,4.160600,7.768591
2390,28.386800,3.424200,8.290053
2391,36.267700,2.933400,12.363708
2392,43.302000,4.347800,9.959520
2393,35.628200,3.102200,11.484817
2394,30.892900,3.206400,9.634762
2395,33.037700,7.332400,4.505714
2396,45.605000,4.035400,11.301234
2397,42.416000,4.838400,8.766534
2398,42.685800,4.184900,10.199957
2399,44.317600,2.881500,15.380045
2400,31.616400,4.068500,7.771021
2401,37.145700,3.499300,10.615180
2402,28.292800,3.658700,7.733020
2403,27.619900,4.749500,5.815328
2404,39.279900,4.400900,8.925424
2405,41.348500,5.563000,7.432770
2406,27.286600,5.098600,5.351783
2407,29.444100,5.113700,5.757886
2408,36.116400,3.643900,9.911468
2409,37.277900,3.654700,10.199989
2410,37.130500,3.382300,10.977885
2411,34.089200,3.449500,9.882360
2412,27.116200,3.381900,8.018037
2413,29.900000,3.988500,7.496553
2414,37.182100,3.688900,10.079455
2415,38.037600,4.690400,8.109671
2416,36.692400,4.099900,8.949584
2417,35.031200,4.031000,8.690449
2418,29.125800,5.106300,5.703895
2419,31.839100,4.334600,7.345338
2420,35.268300,4.878900,7.228740
2421,31.958800,5.321200,6.005939
2422,29.890000,3.176500,9.409728
2423,30.875500,3.958800,7.799207
2424,41.763200,4.487800,9.305941
2425,45.158700,4.959200,9.106045
2426,28.133800,4.281100,6.571629
2427,30.163100,3.820900,7.894240
2428,43.362300,4.295900,10.093880
2429,-85.404700,4.245200,-20.117945
2430,56.833900,3.016300,18.842257
2431,58.488900,5.236500,11.169464
2432,39.854000,3.783400,10.533911
2433,42.708700,4.640400,9.203668
2434,37.828700,3.106900,12.175706
2435,35.523500,3.928000,9.043661
2436,40.080400,4.943000,8.108517
2437,36.086800,3.909800,9.229833
2438,34.112500,4.458500,7.651116
2439,32.484800,4.320500,7.518759
2440,39.116500,3.725800,10.498819
2441,37.500400,3.614100,10.376138
2442,29.121200,2.932100,9.931858
2443,32.323200,2.979200,10.849624
2444,40.298000,4.797600,8.399616
2445,35.447600,4.387500,8.079225
2446,43.975200,3.586200,12.262339
2447,43.821600,6.147900,7.127897
2448,43.704200,5.339600,8.184920
2449,34.015400,3.578100,9.506554
2450,32.549300,5.018100,6.486379
2451,29.365500,3.864100,7.599570
2452,33.394800,3.603000,9.268609
2453,28.744500,3.780300,7.603762
2454,31.630400,3.023300,10.462210
2455,31.492600,3.492700,9.016692
2456,34.353600,3.964500,8.665305
2457,40.552000,4.272700,9.490954
2458,43.394100,3.612800,12.011210
2459,28.805400,3.837500,7.506293
2460,36.783200,4.016900,9.157111
2461,39.530700,3.815700,10.360013
2462,43.392900,4.969900,8.731141
2463,39.915200,5.099800,7.826817
2464,37.951900,4.071500,9.321356
2465,40.430200,4.448200,9.089115
2466,32.556500,3.077300,10.579567
2467,33.700200,4.427400,7.611736
2468,39.373700,5.451800,7.222147
2469,42.592200,3.732600,11.410866
2470,32.117200,3.714700,8.645974
2471,31.914400,3.493200,9.136150
2472,33.847400,3.373200,10.034211
2473,31.665200,3.536100,8.954837
2474,31.923600,3.612400,8.837227
2475,35.882000,4.157600,8.630460
2476,39.480100,7.606100,5.190584
2477,36.880000,6.265900,5.885826
2478,60.408000,3.843000,15.718970
2479,47.692500,3.159800,15.093519
2480,56.141500,6.663800,8.424848
2481,51.083600,6.745600,7.572877
2482,49.634900,3.885800,12.773406
2483,33.649500,3.423300,9.829550
2484,43.847600,3.572100,12.275020
2485,39.221400,4.112700,9.536655
2486,50.940400,4.527500,11.251331
2487,39.787200,3.601200,11.048317
2488,47.632000,3.508100,13.577720
2489,35.506800,4.343200,8.175262
2490,31.998900,4.106800,7.791687
2491,37.428200,3.661900,10.220978
2492,39.262900,4.550500,8.628261
2493,35.035200,4.248400,8.246681
2494,45.701900,4.149500,11.013833
2495,43.228000,4.085500,10.580835
2496,42.633600,3.479300,12.253499
2497,34.571200,3.688400,9.372953
2498,31.970200,4.134400,7.732730
2499,36.447200,4.615600,7.896525
2500,44.785000,-123.729700,-0.361958
2501,57.427100,7.919400,7.251446
2502,34.293100,3.723200,9.210652
2503,37.215600,4.715900,7.891516
2504,48.817800,5.624300,8.679800
2505,43.573000,3.114000,13.992614
2506,31.836800,3.316600,9.599228
2507,44.171200,4.048200,10.911319
2508,38.795500,5.316500,7.297188
2509,42.212600,4.404700,9.583536
2510,46.790300,4.595600,10.181543
2511,51.248700,4.598700,11.144171
2512,44.575600,4.289700,10.391309
2513,43.021200,5.789500,7.430901
2514,30.281100,5.065000,5.978500
2515,34.334200,3.621300,9.481181
2516,45.431200,5.967600,7.612977
2517,36.986800,4.644500,7.963570
2518,36.114900,3.543400,10.192160
2519,34.817000,4.230600,8.229802
2520,41.352500,3.957300,10.449675
2521,42.596900,5.011200,8.500339
2522,32.624100,5.336500,6.113389
2523,32.267200,3.623500,8.904981
2524,39.025800,4.291900,9.092896
2525,46.159400,4.905900,9.408957
2526,41.533700,4.468100,9.295607
2527,44.970900,4.044000,11.120401
2528,45.735900,4.577300,9.991895
2529,44.217300,5.474600,8.076809
2530,35.784700,3.754300,9.531657
2531,31.495600,3.510000,8.973105
2532,44.092200,6.121400,7.202960
2533,40.969600,5.070200,8.080470
2534,37.813700,5.295600,7.140588
2535,35.734000,3.519400,10.153435
2536,44.355100,4.365100,10.161302
2537,44.978600,4.385000,10.257377
2538,40.993400,4.606300,8.899420
2539,36.357600,3.424900,10.615668
2540,48.052800,4.520000,10.631150
2541,40.314900,4.212400,9.570530
2542,46.663900,5.738300,8.132008
2543,45.086100,3.637800,12.393782
2544,45.683700,6.285600,7.267994
2545,45.844400,5.453400,8.406572
2546,36.759500,3.670200,10.015667
2547,35.375200,4.725300,7.486339
2548,44.033700,4.693000,9.382847
2549,44.225300,5.127700,8.624783
2550,39.282800,5.562600,7.061949
2551,35.658100,4.407700,8.089956
2552,46.080900,3.967800,11.613715
2553,49.590800,5.002900,9.912411
2554,37.511900,4.409700,8.506678
2555,33.373800,4.327200,7.712562
2556,49.245400,4.119800,11.953347
2557,45.840900,4.455900,10.287686
2558,89.369200,5.264900,16.974529
2559,100.285400,4.127700,24.295709
2560,40.580800,5.980100,6.785973
2561,49.314600,3.782700,13.036878
2562,34.868800,4.317600,8.075968
2563,39.263700,3.816300,10.288421
2564,50.490800,3.794300,13.307013
2565,57.414600,-129.388700,-0.443737
2566,39.185300,3.320700,11.800313
2567,42.622000,5.630800,7.569440
2568,55.418300,5.913400,9.371647
2569,58.292400,6.328900,9.210511
2570,39.014900,3.646200,10.700154
2571,41.487300,4.853800,8.547386
2572,51.827800,6.154900,8.420575
2573,51.874400,6.433800,8.062793
2574,55.895100,6.135800,9.109668
2575,50.268700,5.267800,9.542636
2576,56.070900,5.245400,10.689537
2577,46.608600,4.114900,11.326788
2578,45.226400,4.654300,9.717122
2579,43.603200,5.841900,7.463873
2580,55.867600,5.447400,10.255828
2581,58.468100,5.651700,10.345224
2582,38.278500,3.562000,10.746350
2583,41.713200,5.866800,7.110043
2584,65.805700,6.683400,9.846141
2585,59.808700,4.723200,12.662750
2586,39.435800,5.870600,6.717508
2587,42.799400,6.123800,6.989026
2588,53.571500,5.620800,9.530939
2589,59.209500,4.140800,14.299048
2590,45.162800,3.966200,11.386919
2591,49.360200,6.030200,8.185500
2592,52.775000,6.621700,7.970008
2593,54.529100,6.089600,8.954463
2594,48.544600,5.120800,9.479886
2595,47.036800,3.379000,13.920331
2596,53.618200,5.119100,10.474146
2597,50.187700,5.957100,8.424854
2598,41.060000,4.069900,10.088700
2599,47.856700,6.339600,7.548852
2600,44.882200,5.185000,8.656162
2601,83.603300,4.290200,19.487040
2602,38.988300,4.759000,8.192540
2603,42.344300,4.788800,8.842361
2604,54.643500,5.974400,9.146274
2605,58.661600,4.886700,12.004338
2606,57.080000,4.487400,12.720061
2607,51.583600,5.123400,10.068236
2608,47.127400,5.230800,9.009597
2609,53.688100,7.721500,6.953066
2610,44.630900,3.737700,11.940739
2611,42.209500,3.517500,11.999858
2612,49.301000,5.243300,9.402666
2613,54.903200,4.362400,12.585549
2614,43.305100,3.530100,12.267386
2615,45.099000,5.106000,8.832550
2616,53.871200,6.502800,8.284308
2617,56.962000,6.302100,9.038574
2618,51.061500,4.068600,12.550140
2619,42.786800,4.078600,10.490560
2620,55.604200,5.530700,10.053736
2621,-72.891700,3.689900,-19.754384
2622,73.606400,10.718700,6.867101
2623,87.936900,4.312600,20.390692
2624,45.213000,4.128400,10.951700
2625,60.766600,10.237900,5.935456
2626,41.284400,5.541000,7.450713
2627,43.862800,5.874400,7.466771
2628,59.892200,6.354500,9.425163
2629,58.968600,4.423900,13.329551
2630,46.775100,5.644600,8.286699
2631,49.657900,5.702200,8.708551
2632,58.862000,6.371800,9.237892
2633,54.499500,5.976000,9.119729
2634,44.175600,6.077600,7.268593
2635,47.408400,4.390700,10.797458
2636,58.190300,5.587800,10.413812
2637,58.015600,5.609500,10.342383
2638,46.293000,6.816700,6.791116
2639,57.338600,5.440300,10.539603
2640,46.839500,5.298300,8.840477
2641,42.480200,5.749100,7.389017
2642,48.361700,5.928100,8.158044
2643,49.328600,6.343700,7.775998
2644,53.410200,5.778400,9.243078
2645,53.475000,5.792700,9.231446
2646,44.630600,5.851600,7.627076
2647,41.086800,6.132500,6.699845
2648,50.382700,6.685500,7.536115
2649,58.598200,5.822000,10.064960
2650,53.225600,5.900100,9.021135
2651,47.361500,5.944600,7.967147
2652,53.572200,4.849300,11.047409
2653,56.026700,6.499900,8.619625
2654,55.751400,5.672900,9.827672
2655,50.772600,5.259600,9.653320
2656,55.980300,4.644200,12.053809
2657,54.930800,3.807600,14.426620
2658,50.990000,5.883400,8.666757
2659,55.772500,5.853300,9.528386
2660,61.727800,6.775900,9.109904
2661,61.816700,7.170400,8.621095
2662,49.306000,6.310800,7.812956
2663,48.644900,5.195600,9.362711
2664,54.767100,4.976600,11.004923
2665,65.783000,6.296400,10.447716
2666,56.167200,5.327300,10.543277
2667,52.610300,4.845700,10.857110
2668,57.705000,5.754900,10.027107
2669,67.440500,6.329500,10.654949
2670,53.765700,5.351100,10.047598
2671,51.300200,5.983800,8.573181
2672,59.324200,4.458100,13.307059
2673,-57.614000,6.468500,-8.906856
2674,53.640900,5.113300,10.490466
2675,49.643500,6.188000,8.022544
2676,59.616800,6.212000,9.597038
2677,53.688700,6.693300,8.021260
2678,48.440700,3.986800,12.150271
2679,44.069600,4.410900,9.991068
2680,53.288400,6.193600,8.603785
2681,53.637100,5.793100,9.258791
2682,51.834900,5.563200,9.317461
2683,52.298900,6.063800,8.624773
2684,64.951500,6.798600,9.553658
2685,66.590200,6.450500,10.323262
2686,98.793300,6.275900,15.741694
2687,94.641900,7.128600,13.276366
2688,67.369300,6.855200,9.827474
2689,63.000900,5.334500,11.810085
2690,52.628200,5.940100,8.859817
2691,51.555300,6.514600,7.913809
2692,60.971700,6.586900,9.256509
2693,58.940800,4.366900,13.497172
2694,48.846000,5.693400,8.579408
2695,46.882400,6.421400,7.300962
2696,63.452800,6.627500,9.574168
2697,65.878000,5.431600,12.128655
2698,50.470200,4.287500,11.771475
2699,50.628500,6.608500,7.661118
2700,55.106400,7.935600,6.944201
2701,81.087300,6.461200,12.549882
2702,65.679900,6.408600,10.248713
2703,58.761000,6.178800,9.510099
2704,58.773500,5.267000,11.158819
2705,67.357200,6.718700,10.025332
2706,51.590100,5.094100,10.127422
2707,58.889900,6.730800,8.749317
2708,58.405400,6.297800,9.273937
2709,58.826100,5.577300,10.547415
2710,46.375500,3.929100,11.803085
2711,54.993100,6.189000,8.885620
2712,59.592300,7.025200,8.482648
2713,64.582900,6.238600,10.352146
2714,54.409200,6.278500,8.665955
2715,56.377100,7.274600,7.749856
2716,63.969200,7.477800,8.554548
2717,66.940000,5.015800,13.345827
2718,63.881400,5.133900,12.443055
2719,52.358400,6.265900,8.356086
2720,-71.296200,5.939000,-12.004748
2721,64.425500,8.321300,7.742240
2722,43.509400,5.346100,8.138531
2723,58.392500,5.531800,10.555787
2724,62.296000,5.742500,10.848237
2725,62.700000,4.736000,13.239020
2726,53.459100,6.460000,8.275402
2727,58.113500,6.242400,9.309480
2728,66.169100,6.663000,9.930827
2729,55.222400,5.450500,10.131621
2730,60.832200,6.457600,9.420249
2731,56.175200,6.831000,8.223569
2732,66.108100,4.824900,13.701445
2733,59.299400,6.375700,9.300845
2734,56.840400,6.689100,8.497466
2735,61.651000,5.568600,11.071185
2736,48.372800,6.488400,7.455274
2737,56.793700,5.936800,9.566383
2738,57.264100,6.284100,9.112538
2739,57.744500,6.100100,9.466156
2740,61.072600,4.200100,14.540749
2741,63.570100,5.941900,10.698615
2742,50.536300,3.963600,12.750101
2743,55.918000,5.632700,9.927388
2744,67.174500,6.422700,10.458919
2745,67.459700,6.610200,10.205395
2746,54.843900,4.732000,11.590004
2747,56.348300,6.646100,8.478401
2748,66.102700,6.512000,10.150906
2749,63.809600,5.249500,12.155367
2750,84.025100,6.484900,12.957039
2751,89.126400,4.949000,18.008972
2752,58.686300,6.598700,8.893615
2753,56.250000,6.730100,8.357974
2754,57.839200,6.266700,9.229610
2755,58.124000,6.778700,8.574505
2756,63.505900,7.007700,9.062303
2757,64.352000,6.737900,9.550750
2758,55.981500,6.299300,8.886940
2759,54.969000,5.159200,10.654559
2760,66.176300,6.685700,9.898186
2761,67.416200,7.131200,9.453696
2762,57.160900,6.704600,8.525624
2763,48.051700,6.671700,7.202317
2764,56.925000,4.993800,11.399135
2765,60.431300,6.720300,8.992352
2766,63.733400,6.863600,9.285710
2767,-66.517200,5.581200,-11.918082
2768,68.779400,6.346700,10.837033
2769,56.151900,6.834700,8.215708
2770,54.140800,5.836100,9.276880
2771,46.577700,4.360400,10.681979
2772,63.492400,5.300400,11.978794
2773,69.795800,6.381400,10.937381
2774,60.558800,7.076500,8.557733
2775,57.168600,6.992200,8.176053
2776,66.101400,6.179900,10.696192
2777,65.195600,6.609300,9.864222
2778,58.470400,6.422500,9.103994
2779,60.449700,6.250600,9.671024
2780,61.316100,7.066700,8.676766
2781,65.052600,7.270200,8.947842
2782,75.370200,4.629900,16.279013
2783,65.746900,6.141900,10.704652
2784,62.601600,5.448700,11.489273
2785,65.422500,7.238700,9.037880
2786,54.281700,5.946500,9.128344
2787,50.524000,4.939500,10.228566
2788,67.201500,6.102500,11.012126
2789,67.646200,5.331700,12.687548
2790,53.574700,7.000500,7.652982
2791,58.139400,5.496600,10.577339
2792,69.251800,5.255200,13.177767
2793,62.247000,6.259800,9.943928
2794,52.031300,5.204600,9.997176
2795,53.738300,7.075200,7.595305
2796,71.303400,7.005600,10.178058
2797,68.244100,7.914800,8.622340
2798,65.929300,6.076600,10.849702
2799,71.466200,7.137400,10.012918
2800,66.515100,7.097400,9.371756
2801,85.358500,5.048300,16.908365
2802,51.258800,7.219100,7.100442
2803,54.992400,5.670900,9.697297
2804,68.262100,5.441800,12.544030
2805,66.366200,7.286700,9.107854
2806,52.361800,6.169300,8.487478
2807,52.761700,6.402000,8.241440
2808,66.949800,6.885300,9.723585
2809,62.835600,6.978000,9.004815
2810,46.464100,6.131600,7.577810
2811,52.341300,5.908700,8.858344
2812,64.515100,7.289500,8.850415
2813,72.207600,6.664700,10.834336
2814,118.954200,6.752700,17.615798
2815,106.180000,7.117700,14.917740
2816,61.727100,6.717900,9.188452
2817,70.817000,6.893500,10.273011
2818,58.520800,4.818400,12.145276
2819,57.995500,8.371700,6.927565
2820,66.421200,6.659600,9.973752
2821,71.332800,6.554500,10.883027
2822,49.900700,5.455200,9.147364
2823,50.835300,6.822300,7.451343
2824,65.037600,6.432800,10.110310
2825,69.142200,6.877400,10.053538
2826,57.832000,5.950200,9.719337
2827,60.072700,6.318300,9.507732
2828,63.053300,4.701900,13.410175
2829,73.317400,5.457900,13.433262
2830,64.507000,7.053200,9.145778
2831,72.483200,4.850200,14.944373
2832,54.876700,7.475900,7.340481
2833,73.398100,7.657500,9.585126
2834,62.001000,6.924000,8.954506
2835,55.077600,6.555400,8.401867
2836,66.950300,4.945100,13.538715
2837,57.478000,6.533300,8.797698
2838,58.160300,5.019500,11.586871
2839,50.828300,6.840000,7.431038
2840,60.969600,6.198500,9.836186
2841,71.313200,8.161300,8.737971
2842,55.520300,5.013000,11.075264
2843,55.606900,6.660200,8.349134
2844,62.581700,4.134100,15.137926
2845,73.374200,4.811800,15.248805
2846,69.200300,4.660300,14.848894
2847,76.128900,5.976800,12.737401
2848,54.810700,4.770500,11.489508
2849,66.506300,4.582700,14.512471
2850,55.649600,5.896600,9.437574
2851,60.850500,5.490400,11.083072
2852,60.103400,5.232200,11.487214
2853,63.832200,8.229900,7.756133
2854,58.239900,6.724900,8.660337
2855,56.591100,6.258300,9.042567
2856,60.394900,4.958100,12.181057
2857,-99.993200,6.021200,-16.606856
2858,53.075300,6.367100,8.335867
2859,62.499900,5.015400,12.461598
2860,68.724400,7.368800,9.326403
2861,64.241600,4.568100,14.063090
2862,59.408100,4.888300,12.153121
2863,64.839600,5.045200,12.851740
2864,63.892700,7.498900,8.520276
2865,59.706500,7.147500,8.353480
2866,50.999400,4.784600,10.659073
2867,53.794500,6.427100,8.369949
2868,58.671700,6.898800,8.504624
2869,61.504900,4.763500,12.911704
2870,52.187000,6.396200,8.159063
2871,46.717900,7.098500,6.581376
2872,56.507700,7.192200,7.856803
2873,82.663200,4.293200,19.254449
2874,56.254500,5.796100,9.705578
2875,58.458500,4.292600,13.618436
2876,68.427400,7.211800,9.488255
2877,65.648800,4.950700,13.260509
2878,95.827500,7.068100,13.557745
2879,90.844200,5.083600,17.870053
2880,62.327200,8.823200,7.064013
2881,68.564700,7.362500,9.312693
2882,59.468500,6.744900,8.816810
2883,61.639900,5.838400,10.557670
2884,72.827800,7.082800,10.282346
2885,59.386100,9.570200,6.205314
2886,59.827300,4.595700,13.018104
2887,55.845100,6.220400,8.977735
2888,65.124400,6.582900,9.892965
2889,66.831300,6.614300,10.104062
2890,50.264400,5.279500,9.520674
2891,55.326000,4.218400,13.115399
2892,64.995100,9.354800,6.947781
2893,63.903100,4.280100,14.930282
2894,60.651800,5.296000,11.452379
2895,83.691200,4.678500,17.888469
2896,65.285600,9.841500,6.633704
2897,60.506600,7.660500,7.898518
2898,61.259000,6.962600,8.798294
2899,51.769500,5.284500,9.796480
2900,69.734400,6.049800,11.526728
2901,-57.991100,6.555300,-8.846445
2902,52.687000,4.666400,11.290717
2903,59.885900,6.379800,9.386799
2904,71.650900,6.432700,11.138542
2905,75.337700,5.207700,14.466598
2906,51.225100,6.497400,7.883938
2907,63.174800,5.881600,10.741091
2908,67.938900,7.209600,9.423394
2909,73.758700,7.769200,9.493732
2910,61.505200,6.667900,9.224074
2911,81.359700,5.619400,14.478361
2912,57.314200,6.820600,8.403102
2913,70.471000,8.134600,8.663118
2914,63.408000,5.013700,12.646947
2915,69.813400,7.689400,9.079174
2916,66.006900,7.178300,9.195339
2917,74.591500,7.235800,10.308674
2918,62.715900,7.610400,8.240815
2919,66.477300,4.959100,13.405114
2920,75.354000,5.479200,13.752738
2921,73.298200,7.342600,9.982595
2922,59.047800,8.315900,7.100590
2923,65.743300,5.001800,13.143928
2924,74.799000,4.670000,16.016916
2925,69.591600,4.983400,13.964683
2926,63.117200,5.048500,12.502169
2927,62.306000,7.887900,7.898934
2928,69.530900,7.520400,9.245639
2929,71.387400,7.480100,9.543642
2930,68.688500,4.290800,16.008320
2931,60.473500,6.643200,9.103068
2932,71.426500,4.989800,14.314502
2933,84.638100,5.665000,14.940530
2934,59.599400,5.651500,10.545767
2935,58.059100,6.190000,9.379499
2936,76.660000,7.271500,10.542529
2937,72.431200,7.905200,9.162475
2938,63.170600,7.360200,8.582729
2939,66.397500,6.211300,10.689791
2940,77.904400,8.113300,9.602061
2941,72.824800,7.756900,9.388390
2942,111.104800,10.348500,10.736319
2943,129.456200,5.113300,25.317544
2944,75.515400,8.012600,9.424581
2945,81.411100,7.981800,10.199592
2946,64.434300,6.259200,10.294335
2947,59.084000,7.787300,7.587225
2948,80.100000,5.003600,16.008474
2949,74.519000,8.498300,8.768695
2950,62.382600,6.952900,8.972170
2951,61.674300,7.098900,8.687867
2952,82.755800,5.980200,13.838300
2953,75.088300,6.629800,11.325877
2954,49.573500,6.531800,7.589562
2955,52.157200,5.375300,9.703124
2956,68.997800,7.443700,9.269288
2957,74.067300,6.886800,10.754966
2958,67.688400,8.201200,8.253475
2959,71.661100,7.789400,9.199823
2960,103.378000,5.148300,20.080026
2961,76.821600,8.414000,9.130212
2962,79.649000,7.456600,10.681678
2963,66.863500,7.249100,9.223697
2964,72.221900,7.582800,9.524437
2965,69.711200,6.963500,10.010943
2966,56.439700,7.176200,7.864845
2967,56.529600,7.438500,7.599597
2968,66.350100,6.228100,10.653345
2969,70.420500,6.133600,11.481104
2970,57.880400,5.410600,10.697594
2971,62.245500,5.942600,10.474456
2972,63.539600,5.615300,11.315442
2973,65.784700,5.681900,11.577940
2974,72.910600,5.173900,14.092000
2975,74.206500,4.943800,15.010013
2976,59.609300,5.343400,11.155687
2977,68.887300,6.267900,10.990491
2978,56.673800,5.234900,10.826148
2979,57.911000,5.308000,10.910136
2980,65.128800,10.296000,6.325641
2981,63.180400,6.467500,9.768906
2982,56.343200,4.964000,11.350363
2983,68.568400,-141.340400,-0.485130
2984,77.591200,4.854800,15.982368
2985,62.827800,5.179300,12.130558
2986,62.765000,9.508900,6.600658
2987,69.702900,4.775500,14.595938
2988,76.196700,13.068100,5.830741
2989,64.931500,4.491700,14.455885
2990,74.602500,4.900000,15.225000
2991,73.530100,7.546400,9.743732
2992,59.305400,8.542100,6.942719
2993,72.751200,6.846300,10.626353
2994,61.040400,5.157800,11.834581
2995,59.086700,6.809900,8.676588
2996,70.621400,5.747500,12.287325
2997,75.804900,8.092400,9.367419
2998,63.960000,6.778000,9.436412
2999,64.109600,6.579800,9.743396
3000,65.034900,6.185800,10.513579
